Date,Open,High,Low,Close,Adj Close,Volume
2019-01-02,39400,39400,38550,38750,33061.84765625,7847664
2019-01-03,38300,38550,37450,37600,32080.662109375,12471493
2019-01-04,37450,37600,36850,37450,31952.66796875,14108958
2019-01-07,38000,38900,37800,38750,33061.84765625,12748997
2019-01-08,38000,39200,37950,38100,32507.259765625,12756554
2019-01-09,38650,39600,38300,39600,33787.06640625,17452708
2019-01-10,40000,40150,39600,39800,33957.72265625,14731699
2019-01-11,40350,40550,39950,40500,34554.96484375,11661063
2019-01-14,40450,40700,39850,40050,34171.0234375,11984996
2019-01-15,40050,41100,39850,41100,35066.8984375,11492756
2019-01-16,41150,41450,40700,41450,35365.51953125,8491595
2019-01-17,41700,42100,41450,41950,35792.1171875,11736903
2019-01-18,42000,42400,41950,42300,36090.74609375,11029256
2019-01-21,42700,42750,41900,42750,36474.6875,11355701
2019-01-22,42750,42850,41850,42150,35962.76953125,9964356
2019-01-23,41350,42250,41350,42000,35834.77734375,11071079
2019-01-24,43050,43100,42350,43050,36730.6484375,14747623
2019-01-25,44300,44750,43750,44750,38181.1015625,22789395
2019-01-28,45000,45500,44600,45050,38437.05859375,17998914
2019-01-29,45050,45500,44350,45500,38821.0234375,16215017
2019-01-30,44800,46400,44800,46400,39588.89453125,17505980
2019-01-31,46650,47050,46150,46150,39375.6015625,21621145
2019-02-01,46650,46950,46250,46350,39546.23828125,13832454
2019-02-07,46800,47100,46200,46200,39418.265625,15872001
2019-02-08,45700,45700,44650,44800,38223.76953125,12689196
2019-02-11,44500,45000,44250,45000,38394.40625,11125044
2019-02-12,44650,46250,44650,46050,39290.2734375,13184367
2019-02-13,46400,46700,46000,46200,39418.265625,11299738
2019-02-14,46600,47500,46150,47500,40527.4375,17259341
2019-02-15,46750,46850,45650,46050,39290.2734375,10554643
2019-02-18,46500,46850,45850,46200,39418.265625,8183728
2019-02-19,45850,46150,45450,45950,39204.95703125,6741395
2019-02-20,46750,47100,46500,46900,40015.50390625,11506720
2019-02-21,46500,47200,46200,46950,40058.1640625,8694009
2019-02-22,46500,47150,46450,47150,40228.796875,6895772
2019-02-25,47400,47550,47050,47350,40399.4375,7484716
2019-02-26,47350,47450,46500,46750,39887.5234375,7985547
2019-02-27,47000,47250,46750,46750,39887.5234375,8045211
2019-02-28,46400,46500,45100,45100,38479.7265625,23569321
2019-03-04,46000,46100,44800,44850,38266.42578125,12926539
2019-03-05,44600,45100,44150,44250,37754.49609375,10612405
2019-03-06,44000,44300,43700,44000,37541.1875,10202544
2019-03-07,43400,44950,43400,44450,37925.140625,11049749
2019-03-08,44450,44800,43800,43800,37370.5546875,7729069
2019-03-11,44400,44450,43650,43650,37242.5625,10717408
2019-03-12,44300,44950,44150,44650,38095.7890625,11431977
2019-03-13,44250,44450,43700,43850,37413.21875,8108343
2019-03-14,43700,44300,43550,43850,37413.21875,18039161
2019-03-15,43800,44250,43700,44200,37711.84375,16814163
2019-03-18,43950,44150,43450,43700,37285.234375,8188876
2019-03-19,43750,43900,43550,43900,37455.875,7609563
2019-03-20,43800,44200,43100,44050,37583.85546875,9846242
2019-03-21,44600,46250,44050,45850,39119.64453125,21138016
2019-03-22,46850,47000,46250,46550,39716.87890625,12535911
2019-03-25,45300,45650,44800,45500,38821.0234375,8699728
2019-03-26,45500,45700,44900,45250,38607.70703125,9729811
2019-03-27,44750,45600,44250,45350,38693.02734375,9568081
2019-03-28,44950,45200,44300,44850,38567.48046875,6821306
2019-03-29,44500,44900,44200,44650,38395.50390625,11491713
2019-04-01,45200,45450,44850,45050,38739.45703125,7362129
2019-04-02,45550,46100,45350,45750,39341.40625,9480688
2019-04-03,46750,46750,45800,46600,40072.34375,12436570
2019-04-04,46150,47100,46150,46950,40373.3125,12650168
2019-04-05,46950,47550,46600,46850,40287.328125,8546339
2019-04-08,47250,47250,46150,46650,40115.34375,8507909
2019-04-09,46700,46950,46200,46650,40115.34375,6878761
2019-04-10,46400,46700,46050,46700,40158.328125,11883995
2019-04-11,46700,46800,46150,46250,39771.3671875,13697399
2019-04-12,46050,46900,46000,46850,40287.328125,7668936
2019-04-15,47150,47500,47000,47050,40459.3203125,8733019
2019-04-16,47400,47400,46800,47250,40631.28515625,7730881
2019-04-17,47300,47600,47000,47050,40459.3203125,5513658
2019-04-18,47200,47250,45500,45600,39212.41796875,12808747
2019-04-19,45750,46000,45250,45300,38954.44140625,8479710
2019-04-22,45400,45900,45100,45350,38997.4375,6006957
2019-04-23,45050,45500,45000,45200,38868.44921875,6920566
2019-04-24,45400,45650,44150,44750,38481.48828125,13299267
2019-04-25,44250,45000,44100,44650,38395.50390625,10868965
2019-04-26,44200,45000,43800,44850,38567.48046875,9739982
2019-04-29,45150,46150,45100,46150,39685.3828125,8777517
2019-04-30,46000,46300,45350,45850,39427.40625,11121273
2019-05-02,45500,46150,45400,45900,39470.3984375,8625126
2019-05-03,45900,46050,45300,45300,38954.44140625,6562916
2019-05-07,45250,45300,44400,44850,38567.48046875,12014907
2019-05-08,44300,44850,44200,44250,38051.52734375,10398754
2019-05-09,43900,44250,42450,42450,36503.66015625,23029718
2019-05-10,42600,43450,42450,42900,36890.63671875,14579512
2019-05-13,42500,43200,42350,42650,36675.65625,7635079
2019-05-14,41300,43100,41300,42650,36675.65625,11563730
2019-05-15,42700,43050,42550,42550,36589.65625,7670185
2019-05-16,42350,42400,41350,41550,35729.74609375,13687828
2019-05-17,41950,42050,40850,41200,35428.76171875,13357951
2019-05-20,41650,42100,41550,42000,36116.703125,15752397
2019-05-21,42600,43950,42350,43150,37105.61328125,18812133
2019-05-22,43700,43800,42400,43500,37406.59375,11033339
2019-05-23,43900,44000,43250,43850,37707.5625,12259006
2019-05-24,43800,43800,42400,42700,36718.640625,13966305
2019-05-27,42500,43000,42350,42650,36675.65625,8066669
2019-05-28,42550,42950,42150,42550,36589.65625,24506881
2019-05-29,41850,42100,41300,41800,35944.7265625,14930618
2019-05-30,42200,42700,42150,42550,36589.65625,11766018
2019-05-31,42600,42800,42150,42500,36546.66796875,11365999
2019-06-03,42950,43900,42500,43800,37664.56640625,15466580
2019-06-04,43400,43700,43000,43450,37363.5859375,9913497
2019-06-05,44050,44200,43700,43900,37750.55859375,12464135
2019-06-07,43600,44350,43450,44200,38008.53125,11683682
2019-06-10,44300,44850,44050,44800,38524.48828125,8792182
2019-06-11,44800,45000,44550,44850,38567.48046875,6664872
2019-06-12,44800,45050,44300,44600,38352.5078125,8607439
2019-06-13,44200,44400,43400,43750,37621.57421875,16906541
2019-06-14,43750,44150,43300,44000,37836.5390625,9322873
2019-06-17,43750,44050,43400,43900,37750.55859375,11890424
2019-06-18,43750,44500,43650,44350,38137.5234375,7994928
2019-06-19,45450,45450,45000,45350,38997.4375,10417690
2019-06-20,44850,45500,44850,45500,39126.4375,7147785
2019-06-21,45750,45800,45200,45700,39298.41796875,9454913
2019-06-24,45200,45800,45200,45500,39126.4375,6085066
2019-06-25,45200,45800,45200,45600,39212.41796875,7076774
2019-06-26,45800,46000,45600,45700,39298.41796875,9226097
2019-06-27,46000,46600,45750,46500,40298.5078125,12603534
2019-06-28,47000,47000,46700,47000,40731.8203125,12949231
2019-07-01,47350,47400,46250,46600,40385.1796875,11383522
2019-07-02,46200,46900,45850,46250,40081.84765625,8463073
2019-07-03,45750,46350,45200,45400,39345.20703125,9669368
2019-07-04,45250,46200,45250,46000,39865.19140625,6365573
2019-07-05,45950,45950,45250,45650,39561.8671875,7235395
2019-07-08,44750,44800,44350,44400,38478.578125,7823843
2019-07-09,44850,45450,44700,45100,39085.22265625,7646421
2019-07-10,45550,46150,45500,45550,39475.203125,9253930
2019-07-11,46350,46550,46150,46200,40038.52734375,10989751
2019-07-12,46350,46400,45800,46300,40125.1796875,5245804
2019-07-15,45950,46650,45750,46450,40255.1796875,4717226
2019-07-16,46450,46850,46300,46850,40601.83984375,7407824
2019-07-17,46150,46350,45950,46050,39908.5234375,5216602
2019-07-18,46450,46450,45650,46100,39951.85546875,5143554
2019-07-19,46650,46950,46600,46800,40558.5078125,8819393
2019-07-22,46800,47300,46600,47200,40905.15234375,9009109
2019-07-23,47350,47550,47050,47300,40991.8203125,9061381
2019-07-24,47100,47150,46250,46400,40211.84375,8756522
2019-07-25,47150,47200,46600,47200,40905.15234375,8408838
2019-07-26,46650,47150,46550,47150,40861.82421875,7873886
2019-07-29,46800,47050,46000,46100,39951.85546875,6856846
2019-07-30,46300,46850,46300,46550,40341.84375,5551014
2019-07-31,46200,46600,45000,45350,39301.875,12872916
2019-08-01,44900,45500,44850,45200,39171.8828125,7811181
2019-08-02,44550,45500,44300,44950,38955.23046875,12151374
2019-08-05,44350,44600,43600,43950,38088.58984375,14214086
2019-08-06,42500,43800,42500,43500,37698.609375,15083824
2019-08-07,43600,43900,43100,43200,37438.6171875,10002533
2019-08-08,43250,43500,42650,42650,36961.96875,16926881
2019-08-09,43250,43350,43050,43150,37395.28515625,9685147
2019-08-12,44000,44000,43550,43700,37871.9296875,8466169
2019-08-13,43500,43500,42950,43000,37265.296875,7276979
2019-08-14,43900,44250,43500,43700,37871.9296875,8750135
2019-08-16,43800,43900,43300,43900,38045.265625,9528115
2019-08-19,44350,44350,43500,43600,37785.2734375,6014218
2019-08-20,43950,44600,43550,44450,38521.90625,8434205
2019-08-21,44350,44800,44150,44500,38565.2421875,6571717
2019-08-22,44500,44700,43850,44050,38175.25390625,8061177
2019-08-23,43800,44200,43650,43950,38088.58984375,5017381
2019-08-26,43050,43800,42950,43600,37785.2734375,7954949
2019-08-27,43650,44200,43600,44050,38175.25390625,16883932
2019-08-28,44100,44400,43750,44150,38261.9140625,5758333
2019-08-29,44200,44200,43050,43400,37611.9375,10768862
2019-08-30,43750,44300,43750,44000,38131.91796875,9899073
2019-09-02,44850,44850,43650,43800,37958.59375,7185537
2019-09-03,43550,43650,43100,43250,37481.94921875,9774941
2019-09-04,43250,44100,43150,44100,38218.5859375,12441837
2019-09-05,44800,46100,44450,45700,39605.1953125,18297430
2019-09-06,46500,46500,45850,46300,40125.1796875,9896562
2019-09-09,46450,47000,46300,46900,40645.16015625,9434157
2019-09-10,47100,47200,46550,47000,40731.8203125,9231792
2019-09-11,47300,47400,46800,47150,40861.82421875,16141619
2019-09-16,47000,47100,46400,47100,40818.49609375,15550926
2019-09-17,47000,47100,46800,46900,40645.16015625,7006280
2019-09-18,46900,47700,46800,47700,41338.47265625,10413027
2019-09-19,48050,49200,47850,49150,42595.09375,16461413
2019-09-20,49400,49600,49100,49200,42638.4296875,15460210
2019-09-23,49250,49300,49000,49300,42725.08984375,7568553
2019-09-24,49050,49650,48850,49500,42898.40625,7871955
2019-09-25,49200,49350,48800,48900,42378.4296875,9187141
2019-09-26,49000,49250,48900,49200,42638.4296875,8494756
2019-09-27,48000,48700,48000,48400,42249.08984375,8048041
2019-09-30,48050,49250,47900,49050,42816.5,9497119
2019-10-01,48900,49100,48650,48850,42641.921875,6206035
2019-10-02,48350,48400,47600,47600,41550.76953125,8382463
2019-10-04,47400,48650,47350,48000,41899.94140625,9331695
2019-10-07,48350,48700,47650,47750,41681.7109375,7047273
2019-10-08,47900,49000,47600,48900,42685.55859375,14239367
2019-10-10,48200,49200,48000,48550,42380.03515625,18639855
2019-10-11,49000,49450,48800,49150,42903.7890625,7783275
2019-10-14,50000,50300,49850,50000,43645.765625,11130635
2019-10-15,49900,50200,49900,50100,43733.05859375,6058105
2019-10-16,50700,50900,50400,50700,44256.80078125,9136282
2019-10-17,50500,50600,50100,50500,44082.22265625,6701380
2019-10-18,50300,50900,49650,49900,43558.4765625,8483106
2019-10-21,49900,50400,49800,50300,43907.64453125,4406531
2019-10-22,50800,51500,50700,51200,44693.26953125,10898729
2019-10-23,51300,51500,50800,51200,44693.26953125,8663880
2019-10-24,52500,52500,50500,50700,44256.80078125,21185785
2019-10-25,50800,51200,50500,50900,44431.39453125,7879897
2019-10-28,50700,51500,50700,51300,44780.5546875,6431522
2019-10-29,51400,51700,50800,51100,44605.97265625,7581629
2019-10-30,50700,50800,50200,50400,43994.93359375,8959435
2019-10-31,51000,51400,50300,50400,43994.93359375,10304777
2019-11-01,50600,51200,50400,51200,44693.26953125,8467846
2019-11-04,51700,52300,51400,52300,45653.4765625,13012411
2019-11-05,52400,52700,52100,52700,46002.63671875,10581034
2019-11-06,52900,53500,52700,53300,46526.390625,14361133
2019-11-07,53400,53400,52400,52900,46177.22265625,9257116
2019-11-08,53200,53300,52000,52100,45478.88671875,11603290
2019-11-11,52200,52200,51400,51600,45042.41796875,8185952
2019-11-12,51800,52600,51600,52600,45915.33984375,6576148
2019-11-13,52500,52500,52000,52500,45828.05859375,6225196
2019-11-14,51900,52800,51900,52800,46089.92578125,12010018
2019-11-15,52900,53700,52600,53700,46875.5546875,9703360
2019-11-18,53600,53800,53200,53500,46700.97265625,7746554
2019-11-19,53200,53500,52700,53500,46700.97265625,8907177
2019-11-20,53400,53400,52000,52000,45391.60546875,12560070
2019-11-21,51600,52100,50600,51000,44518.6796875,14298646
2019-11-22,51000,51600,50900,51600,45042.41796875,8478310
2019-11-25,52200,52600,51700,51800,45217.01171875,9050625
2019-11-26,51900,52900,51800,51800,45217.01171875,27372226
2019-11-27,51800,52300,51600,52200,45566.17578125,7546261
2019-11-28,51900,52100,51300,51300,44780.5546875,6833885
2019-11-29,51200,51400,50200,50300,43907.64453125,11179334
2019-12-02,50900,51300,50400,50400,43994.93359375,18877252
2019-12-03,49800,50300,49500,49900,43558.4765625,12059812
2019-12-04,49600,49850,49000,49450,43165.66796875,13246549
2019-12-05,50200,50400,49500,49500,43209.3125,10449715
2019-12-06,50100,50900,49950,50400,43994.93359375,11414563
2019-12-09,50900,51400,50700,51200,44693.26953125,8470627
2019-12-10,51000,51600,50700,51500,44955.140625,6882771
2019-12-11,51500,52200,51400,51900,45304.30859375,11379521
2019-12-12,53000,53300,52700,53300,46526.390625,29178697
2019-12-13,54500,54800,53900,54700,47748.46484375,18120261
2019-12-16,54500,54900,54300,54700,47748.46484375,11512405
2019-12-17,55800,56700,55400,56700,49494.2890625,19358433
2019-12-18,56700,57200,56000,56300,49145.1328125,15558208
2019-12-19,57000,57300,55500,56000,48883.25390625,14180520
2019-12-20,56100,56500,55600,56000,48883.25390625,12095519
2019-12-23,56100,56400,55100,55500,48446.80078125,9839252
2019-12-24,55600,55700,54800,55000,48010.34765625,11868463
2019-12-26,54700,55400,54400,55400,48359.515625,9645034
2019-12-27,55700,56900,55500,56500,49636.90234375,12313056
2019-12-30,56200,56600,55700,55800,49021.92578125,8356767
2020-01-02,55500,56000,55000,55200,48494.80859375,12993228
2020-01-03,56000,56600,54900,55500,48758.359375,15422255
2020-01-06,54900,55600,54600,55500,48758.359375,10278951
2020-01-07,55700,56400,55600,55800,49021.92578125,10009778
2020-01-08,56200,57400,55900,56800,49900.44921875,23501171
2020-01-09,58400,58600,57400,58600,51481.79296875,24102579
2020-01-10,58800,59700,58300,59500,52272.48828125,16000170
2020-01-13,59600,60000,59100,60000,52711.75,11359139
2020-01-14,60400,61000,59900,60000,52711.75,16906295
2020-01-15,59500,59600,58900,59000,51833.21875,14300928
2020-01-16,59100,60700,59000,60700,53326.71875,14381774
2020-01-17,61900,62000,61000,61300,53853.8359375,16025661
2020-01-20,62000,62800,61700,62400,54820.21484375,12528855
2020-01-21,62000,62400,61200,61400,53941.6796875,11142693
2020-01-22,60500,62600,60400,62300,54732.359375,15339565
2020-01-23,61800,61800,60700,60800,53414.5703125,14916555
2020-01-28,59400,59400,58300,58800,51657.51171875,23664541
2020-01-29,59100,59700,58800,59100,51921.0703125,16446102
2020-01-30,58800,58800,56800,57200,50251.859375,20821939
2020-01-31,57800,58400,56400,56400,49549.0390625,19749457
2020-02-03,55500,57400,55200,57200,50251.859375,23995260
2020-02-04,57100,59000,56800,58900,51745.359375,21800192
2020-02-05,60000,60200,58900,59500,52272.48828125,19278165
2020-02-06,60100,61100,59700,61100,53678.1328125,14727159
2020-02-07,61100,61200,59700,60400,53063.15234375,16402493
2020-02-10,59200,59800,59100,59700,52448.1875,13107121
2020-02-11,59800,60700,59700,59900,52623.88671875,11071231
2020-02-12,60300,60700,59700,60500,53151,12904207
2020-02-13,61200,61600,60500,60700,53326.71875,18449775
2020-02-14,60900,61900,60200,61800,54293.09765625,13276067
2020-02-17,61600,62000,61200,61500,54029.53515625,8740596
2020-02-18,60800,60900,59700,59800,52536.0390625,16674266
2020-02-19,59800,60400,59400,60200,52887.4453125,12951496
2020-02-20,60700,61300,59600,60000,52711.75,14591924
2020-02-21,58800,59800,58500,59200,52008.91796875,13777393
2020-02-24,57400,58100,56800,56800,49900.44921875,25627537
2020-02-25,56200,58000,56200,57900,50866.82421875,23885408
2020-02-26,56000,57000,56000,56500,49636.90234375,25483102
2020-02-27,56300,56900,55500,55900,49109.76953125,23209541
2020-02-28,55000,55500,54200,54200,47616.2734375,30054227
2020-03-02,54300,55500,53600,55000,48319.1015625,30403412
2020-03-03,56700,56900,55100,55400,48670.51171875,30330295
2020-03-04,54800,57600,54600,57400,50427.5703125,24765728
2020-03-05,57600,58000,56700,57800,50778.984375,21698990
2020-03-06,56500,57200,56200,56500,49636.90234375,18716656
2020-03-09,56500,56500,56500,56500,49636.90234375,0
2020-03-10,53800,54900,53700,54600,47967.68359375,32106554
2020-03-11,54300,54400,52000,52100,45771.359375,45707281
2020-03-12,52100,52100,52100,52100,45771.359375,0
2020-03-13,47450,51600,46850,49950,43882.51953125,59462933
2020-03-16,50100,50900,48800,48900,42960.0625,33339821
2020-03-17,46900,49650,46700,47300,41554.421875,51218151
2020-03-18,47750,48350,45600,45600,40060.921875,40152623
2020-03-19,46400,46650,42300,42950,37732.828125,56925513
2020-03-20,44150,45500,43550,45400,39885.21484375,49730008
2020-03-23,42600,43550,42400,42500,37337.48046875,41701626
2020-03-24,43850,46950,43050,46950,41246.93359375,49801908
2020-03-25,48950,49600,47150,48650,42740.44140625,52735922
2020-03-26,49000,49300,47700,47800,41993.6953125,42185129
2020-03-27,49600,49700,46850,48300,42432.95703125,39896178
2020-03-30,47050,48350,46550,47850,42347.99609375,26797395
2020-03-31,48000,48500,47150,47750,42259.484375,30654261
2020-04-01,47450,47900,45800,45800,40533.703125,27259532
2020-04-02,46200,46850,45350,46800,41418.7265625,21621076
2020-04-03,47400,47600,46550,47000,41595.72265625,22784682
2020-04-06,47500,48800,47250,48700,43100.25,23395726
2020-04-07,49650,50200,49000,49600,43896.765625,31524034
2020-04-08,49600,49750,48600,48600,43011.75,25010314
2020-04-09,49750,49800,48700,49100,43454.26953125,22628058
2020-04-10,48950,49250,48650,49250,43587.01171875,17839111
2020-04-13,48650,48900,48300,48300,42746.25,14431800
2020-04-14,48800,49200,48300,49000,43365.765625,14206216
2020-04-16,49350,49350,48550,49000,43365.765625,23349760
2020-04-17,50800,52000,50300,51400,45489.8046875,32041675
2020-04-20,51400,51400,50000,50100,44339.2734375,21866354
2020-04-21,49400,49700,48700,49250,43587.01171875,27407543
2020-04-22,48700,50000,48350,49850,44118.01171875,18613864
2020-04-23,50200,50300,49500,49850,44118.01171875,18754442
2020-04-24,49650,49750,49000,49350,43675.50390625,15618347
2020-04-27,49350,50000,49100,49850,44118.01171875,14049471
2020-04-28,49850,50100,49300,50100,44339.2734375,16095399
2020-04-29,49900,50500,49600,50000,44250.7734375,15604533
2020-05-04,48900,49100,48500,48500,42923.25,26083749
2020-05-06,49000,49200,48500,49200,43542.765625,18070225
2020-05-07,49200,49300,48700,48800,43188.75,13884411
2020-05-08,49100,49350,48800,48800,43188.75,15319700
2020-05-11,48900,49250,48300,48400,42834.75390625,16357743
2020-05-12,48400,48500,47550,47900,42392.2421875,23433590
2020-05-13,47250,48550,47200,48550,42967.4921875,20223277
2020-05-14,47750,48100,47650,48000,42480.75,19305974
2020-05-15,48400,48450,47700,47850,42347.99609375,18463118
2020-05-18,47950,49100,47600,48800,43188.75,20481981
2020-05-19,50100,50500,49700,50300,44516.27734375,25168295
2020-05-20,50000,50200,49800,50000,44250.7734375,14896899
2020-05-21,50300,50400,49850,49950,44206.51953125,14949266
2020-05-22,49600,49800,48600,48750,43144.49609375,19706284
2020-05-25,48750,48900,48450,48850,43233.015625,14337913
2020-05-26,48700,49450,48600,49250,43587.01171875,15127490
2020-05-27,48950,50000,48800,49900,44162.27734375,19548479
2020-05-28,51100,51200,49900,50400,44604.77734375,31309318
2020-05-29,50000,50700,49700,50700,44870.28125,27596961
2020-06-01,50800,51200,50600,51200,45312.796875,16949183
2020-06-02,51000,51500,50800,51400,45489.8046875,14247933
2020-06-03,51800,55000,51700,54500,48233.34765625,49257814
2020-06-04,55800,57000,54600,54600,48321.83984375,40220334
2020-06-05,54400,55900,54000,55500,49118.359375,22743629
2020-06-08,56400,56500,54700,54900,48587.35546875,25634965
2020-06-09,55800,56500,54400,55500,49118.359375,23998831
2020-06-10,55100,55900,54900,55400,49029.859375,16742493
2020-06-11,54500,55100,53200,54300,48056.34765625,33815123
2020-06-12,52100,52800,51500,52300,46286.3125,26976019
2020-06-15,51400,52000,49900,49900,44162.27734375,28772921
2020-06-16,51200,52100,50600,52100,46109.3046875,21808375
2020-06-17,52100,52900,51300,52200,46197.8125,26672595
2020-06-18,52200,52300,51600,52300,46286.3125,15982926
2020-06-19,52600,52900,51600,52900,46817.32421875,18157985
2020-06-22,52000,52600,51800,52000,46020.80859375,13801350
2020-06-23,52500,52800,51100,51400,45489.8046875,18086152
2020-06-24,51900,53900,51600,52900,46817.32421875,24519552
2020-06-25,52100,53000,51900,51900,45932.296875,18541624
2020-06-26,52800,53900,52200,53300,47171.328125,21575360
2020-06-29,52500,53200,52000,52400,46684.875,17776925
2020-06-30,53900,53900,52800,52800,47041.25,21157172
2020-07-01,53400,53600,52400,52600,46863.06640625,16706143
2020-07-02,52100,52900,52100,52900,47130.34375,14142583
2020-07-03,53000,53600,52700,53600,47753.9921875,11887868
2020-07-06,54000,55000,53800,55000,49001.30078125,19856623
2020-07-07,55800,55900,53400,53400,47575.8125,30760032
2020-07-08,53600,53900,52900,53000,47219.43359375,19664652
2020-07-09,53200,53600,52800,52800,47041.25,17054850
2020-07-10,53100,53200,52300,52700,46952.1484375,13714746
2020-07-13,53300,53800,53100,53400,47575.8125,12240188
2020-07-14,53700,53800,53200,53800,47932.1875,14269484
2020-07-15,54400,55000,54300,54700,48734.01953125,24051450
2020-07-16,54800,54800,53800,53800,47932.1875,16779127
2020-07-17,54200,54700,54100,54400,48466.73828125,10096174
2020-07-20,54800,54800,54000,54200,48288.546875,10507530
2020-07-21,55200,55400,54800,55300,49268.5859375,18297260
2020-07-22,55300,55500,54700,54700,48734.01953125,12885057
2020-07-23,54700,54700,53800,54100,48199.46484375,16214932
2020-07-24,54000,54400,53700,54200,48288.546875,10994535
2020-07-27,54300,55700,54300,55600,49535.8515625,21054421
2020-07-28,57000,58800,56400,58600,52208.6640625,48431566
2020-07-29,60300,60400,58600,59000,52565.03125,36476611
2020-07-30,59700,60100,59000,59000,52565.03125,19285354
2020-07-31,59500,59600,57700,57900,51585.01171875,21943345
2020-08-03,57800,57900,56700,56800,50604.98046875,21158940
2020-08-04,57200,58100,57000,57300,51050.4453125,19419694
2020-08-05,57300,57500,56300,56900,50694.078125,17739706
2020-08-06,57100,58400,57100,58000,51674.09375,21625874
2020-08-07,57900,58400,57100,57500,51228.625,18751717
2020-08-10,57600,58300,57500,57800,51495.91015625,17774291
2020-08-11,58000,59500,57800,58200,51852.28515625,24907912
2020-08-12,58200,59000,57700,59000,52565.03125,18573934
2020-08-13,59400,59600,58000,58700,52297.75,22089460
2020-08-14,58000,58400,57700,58000,51674.09375,15672548
2020-08-18,58900,59900,58000,58400,52030.46875,25307825
2020-08-19,59000,59200,57800,57800,51495.91015625,16930719
2020-08-20,57600,57600,55300,55400,49357.6796875,30386029
2020-08-21,56200,56900,55800,55900,49803.12890625,21142288
2020-08-24,55800,56600,55400,56100,49981.32421875,15055896
2020-08-25,56400,56800,56100,56400,50248.6015625,14021705
2020-08-26,56400,56500,55700,56400,50248.6015625,17651593
2020-08-27,56300,56300,55600,55600,49535.8515625,16196568
2020-08-28,56100,56300,55400,55400,49357.6796875,14619888
2020-08-31,56000,56100,54000,54000,48110.359375,32671367
2020-09-01,54100,54800,54100,54200,48288.546875,19363117
2020-09-02,54600,55100,54100,54400,48466.73828125,16905723
2020-09-03,55600,56700,55500,56400,50248.6015625,28384920
2020-09-04,55200,55800,55100,55600,49535.8515625,22139109
2020-09-07,56100,57300,55800,56500,50337.69921875,18685880
2020-09-08,57400,58700,57200,58700,52297.75,31517520
2020-09-09,58200,59300,57800,58400,52030.46875,30597399
2020-09-10,59900,60000,59100,59200,52743.2109375,29923293
2020-09-11,59300,59400,58200,59000,52565.03125,16017098
2020-09-14,60200,60800,59900,60400,53812.33203125,20648281
2020-09-15,60900,61000,60500,61000,54346.890625,17877075
2020-09-16,61100,61300,60600,61000,54346.890625,17041444
2020-09-17,60700,60800,59300,59500,53010.49609375,25108356
2020-09-18,59800,59900,59100,59300,52832.31640625,18884571
2020-09-21,59100,60000,59000,59200,52743.2109375,15140387
2020-09-22,59100,59700,57800,58200,51852.28515625,20830381
2020-09-23,58400,58800,57400,58600,52208.6640625,20111398
2020-09-24,57700,58600,57600,57800,51495.91015625,17564020
2020-09-25,57700,58200,57700,57900,51585.01171875,11444683
2020-09-28,58300,58800,57900,58200,52171.265625,12614080
2020-09-29,58300,59000,58200,58200,52171.265625,15503563
2020-10-05,57500,59200,57500,58700,52619.4609375,20228289
2020-10-06,59400,59900,58700,59000,52888.39453125,14463826
2020-10-07,58700,59900,58500,59900,53695.1640625,14861838
2020-10-08,60500,60700,59500,59700,53515.8828125,24589924
2020-10-12,60000,60400,59900,60400,54143.3671875,16145837
2020-10-13,61000,61400,60400,60900,54591.57421875,19247631
2020-10-14,61000,61100,60500,60900,54591.57421875,16086716
2020-10-15,60700,60800,59700,60000,53784.80078125,17756232
2020-10-16,60000,60400,59000,59500,53336.59765625,16554190
2020-10-19,59600,60200,59500,60000,53784.80078125,14474985
2020-10-20,60300,60900,60100,60900,54591.57421875,19326115
2020-10-21,61200,61500,60600,60900,54591.57421875,15703443
2020-10-22,60300,60500,59800,60100,53874.44140625,14294095
2020-10-23,60400,60400,59800,60200,53964.0859375,9322232
2020-10-26,60400,61100,60100,60400,54143.3671875,13268226
2020-10-27,60300,60300,59500,59800,53605.515625,17260416
2020-10-28,59400,59400,58800,59000,52888.39453125,14428882
2020-10-29,58200,58500,57500,58100,52081.6171875,22636966
2020-10-30,58000,58000,56600,56600,50736.98828125,26907844
2020-11-02,56400,57500,56000,57400,51454.125,20489076
2020-11-03,57900,58900,57600,58800,52709.10546875,14950919
2020-11-04,58900,59000,57800,58500,52440.1796875,21718561
2020-11-05,59000,60300,58800,60300,54053.73046875,20639475
2020-11-06,60700,60800,59600,60100,53874.44140625,16910230
2020-11-09,60700,60900,60100,60200,53964.0859375,15892961
2020-11-10,60500,60500,59500,60200,53964.0859375,19073552
2020-11-11,60700,61400,60400,61300,54950.140625,25628510
2020-11-12,61000,61400,60700,61000,54681.20703125,19800573
2020-11-13,61300,63200,61000,63200,56653.3359375,31508829
2020-11-16,64000,66700,63900,66300,59432.2109375,36354334
2020-11-17,67000,67000,65600,65700,58894.3671875,30204089
2020-11-18,65700,66200,64700,64800,58087.5859375,22963790
2020-11-19,64100,64800,63900,64600,57908.3125,16590290
2020-11-20,63900,65200,63900,64700,57997.953125,15068682
2020-11-23,64800,67800,64700,67500,60507.89453125,27134398
2020-11-24,67900,69500,67000,67700,60687.19140625,32158235
2020-11-25,67900,68300,66500,66600,59701.13671875,32447065
2020-11-26,66100,68000,66000,68000,60956.10546875,19023323
2020-11-27,68000,68400,67600,68200,61135.390625,14063434
2020-11-30,68400,68600,66700,66700,59790.77734375,43811016
2020-12-01,67100,68300,67100,67800,60776.8359375,22327173
2020-12-02,68400,69900,68300,69500,62300.73828125,29703942
2020-12-03,70100,70500,69300,69700,62480.00390625,23677989
2020-12-04,70400,72100,70100,71500,64093.5546875,28130533
2020-12-07,72400,73500,71900,72900,65348.5390625,28490496
2020-12-08,72200,72900,71600,71700,64272.83984375,25000338
2020-12-09,72100,73900,72000,73900,66244.953125,24077996
2020-12-10,72700,73800,72500,72900,65348.5390625,39882928
2020-12-11,73500,73800,73100,73400,65796.7421875,18486672
2020-12-14,73600,74500,73200,73800,66155.296875,21510415
2020-12-15,73800,74100,73300,73800,66155.296875,20863671
2020-12-16,74100,74500,73400,73800,66155.296875,17512081
2020-12-17,73400,73700,72600,73300,65707.0859375,24293214
2020-12-18,73300,73700,73000,73000,65438.16796875,17613029
2020-12-21,73100,73400,72000,73000,65438.16796875,20367355
2020-12-22,72500,73200,72100,72300,64810.68359375,16304910
2020-12-23,72400,74000,72300,73900,66244.953125,19411326
2020-12-24,74100,78800,74000,77800,69740.9609375,32502870
2020-12-28,79000,80100,78200,78700,70547.7265625,40085044
2020-12-29,78800,78900,77300,78300,71955.59375,30339449
2020-12-30,77400,81300,77300,81000,74436.828125,29417421
2021-01-04,81000,84400,80200,83000,76274.78125,38655276
2021-01-05,81600,83900,81600,83900,77101.8515625,35335669
2021-01-06,83300,84500,82100,82200,75539.59375,42089013
2021-01-07,82800,84200,82700,82900,76182.890625,32644642
2021-01-08,83300,90000,83000,88800,81604.828125,59013307
2021-01-11,90000,96800,89500,91000,83626.5703125,90306177
2021-01-12,90300,91400,87800,90600,83258.9765625,48682416
2021-01-13,89800,91200,89100,89700,82431.875,36068848
2021-01-14,88700,90000,88700,89700,82431.875,26393970
2021-01-15,89800,91800,88000,88000,80869.65625,33431809
2021-01-18,86600,87300,84100,85000,78112.7109375,43227951
2021-01-19,84500,88000,83600,87000,79950.6640625,39895044
2021-01-20,89000,89000,86500,87200,80134.4765625,25211127
2021-01-21,87500,88600,86500,88100,80961.5390625,25318011
2021-01-22,89000,89700,86800,86800,79766.8671875,30861661
2021-01-25,87000,89900,86300,89400,82156.2109375,27258534
2021-01-26,88800,89200,86500,86700,79674.984375,33178936
2021-01-27,86600,87700,85600,85600,78664.1015625,26423070
2021-01-28,83200,85600,83200,83700,76918.0703125,31859808
2021-01-29,84500,85000,82000,82000,75355.8046875,39615978
2021-02-01,81700,83400,81000,83000,76274.78125,28046832
2021-02-02,84100,86400,83700,84400,77561.3359375,26302077
2021-02-03,84800,85400,83400,84600,77745.140625,22112205
2021-02-04,83500,83800,82100,82500,75815.28125,24171688
2021-02-05,83100,84000,82500,83500,76734.265625,18036835
2021-02-08,83800,84200,83000,83000,76274.78125,15338765
2021-02-09,84000,84800,82700,82700,75999.0859375,20898332
2021-02-10,82600,82600,81600,81600,74988.21875,23025766
2021-02-15,83800,84500,83300,84200,77377.5390625,23529706
2021-02-16,84500,86000,84200,84900,78020.828125,20483100
2021-02-17,83900,84200,83000,83200,76458.578125,18307735
2021-02-18,83200,83600,82100,82100,75447.703125,21327683
2021-02-19,82300,82800,81000,82600,75907.1875,25880879
2021-02-22,83800,84200,82200,82200,75539.59375,25419886
2021-02-23,81200,82900,81100,82000,75355.8046875,20587314
2021-02-24,81800,83600,81300,82000,75355.8046875,26807651
2021-02-25,84000,85400,83000,85300,78388.40625,34155986
2021-02-26,82800,83400,82000,82500,75815.28125,38520800
2021-03-02,85100,85300,83000,83600,76826.171875,33498180
2021-03-03,83500,84000,82800,84000,77193.7578125,19882132
2021-03-04,82600,83200,82200,82400,75723.3984375,24348331
2021-03-05,81100,82600,81100,82100,75447.703125,20508971
2021-03-08,82900,83000,81600,82000,75355.8046875,17641256
2021-03-09,81400,81900,80600,81400,74804.421875,25420764
2021-03-10,82400,82500,80700,80900,74344.9375,20038422
2021-03-11,81000,82500,81000,82000,75355.8046875,23818297
2021-03-12,83100,83500,82400,82800,76090.96875,13530573
2021-03-15,82800,82900,81800,81800,75172.015625,13735798
2021-03-16,82200,83000,82100,82800,76090.96875,12293537
2021-03-17,82800,82900,82000,82300,75631.4921875,11625146
2021-03-18,82800,83800,82600,82900,76182.890625,18585244
2021-03-19,82100,82500,81800,81900,75263.90625,15869700
2021-03-22,82000,82300,81700,82000,75355.8046875,12670506
2021-03-23,82600,82900,81800,81800,75172.015625,13299907
2021-03-24,81000,81600,80700,81000,74436.828125,17926638
2021-03-25,81000,82100,80800,81200,74620.640625,14758826
2021-03-26,81400,81600,81000,81500,74896.3125,12845778
2021-03-29,81700,81700,81000,81600,74988.21875,14952134
2021-03-30,81600,82300,81300,82200,75875.2734375,13121698
2021-03-31,82400,82700,81400,81400,75136.8359375,17240518
2021-04-01,82500,83000,82000,82900,76521.4296875,18676461
2021-04-02,84000,85200,83900,84800,78275.21875,22997538
2021-04-05,85800,86000,84800,85400,78829.078125,16255990
2021-04-06,86200,86200,85100,86000,79382.90625,19042023
2021-04-07,86100,86200,85400,85600,79013.65625,17885538
2021-04-08,85700,85700,84100,84700,78182.9296875,19244259
2021-04-09,84700,84900,83400,83600,77167.546875,18193707
2021-04-12,84100,84100,83100,83200,76798.3359375,12915282
2021-04-13,83000,84500,82800,84000,77536.7890625,15238206
2021-04-14,84000,84300,83400,84000,77536.7890625,13794652
2021-04-15,83700,84500,83400,84100,77629.078125,16377412
2021-04-16,84700,84700,83600,83900,77444.4765625,15429522
2021-04-19,83800,84000,83300,83300,76890.6328125,15287311
2021-04-20,83300,84000,83100,83900,77444.4765625,15521965
2021-04-21,83300,83500,82500,82600,76244.5,21636079
2021-04-22,82900,83000,82400,82400,76059.890625,13934746
2021-04-23,81900,82900,81600,82800,76429.1015625,17805080
2021-04-26,82900,83500,82600,83500,77075.25,15489938
2021-04-27,83200,83300,82500,82900,76521.4296875,12941533
2021-04-28,83200,83200,82100,82100,75782.9765625,15596759
2021-04-29,82400,82500,81500,81700,75413.7421875,20000973
2021-04-30,81900,82100,81500,81500,75229.140625,18673197
2021-05-03,81000,82400,81000,81700,75413.7421875,15710336
2021-05-04,81900,82600,81800,82600,76244.5,12532550
2021-05-06,81700,82300,81700,82300,75967.5859375,17047511
2021-05-07,81800,82100,81500,81900,75598.3515625,14154882
2021-05-10,82300,83500,81800,83200,76798.3359375,19385027
2021-05-11,82500,82600,81100,81200,74952.2109375,28996680
2021-05-12,80800,81200,79800,80000,73844.546875,35812268
2021-05-13,78900,79600,78400,78500,72459.96875,31490096
2021-05-14,79000,80300,78900,80100,73936.859375,16450920
2021-05-17,80800,80900,79200,79600,73475.328125,17740855
2021-05-18,79600,80000,79100,79600,73475.328125,17494407
2021-05-20,79400,79700,79100,79500,73383.015625,16541828
2021-05-21,80100,81500,79800,80100,73936.859375,20961714
2021-05-24,80100,80400,79500,79700,73567.625,13398666
2021-05-25,80000,80400,79800,79900,73752.2421875,13628942
2021-05-26,80400,80500,79700,79800,73659.9453125,11984359
2021-05-27,80000,80000,79100,79600,73475.328125,23198510
2021-05-28,79800,80400,79400,80100,73936.859375,12360199
2021-05-31,80300,80600,79600,80500,74306.0625,13321324
2021-06-01,80500,81300,80100,80600,74398.3828125,14058401
2021-06-02,80400,81400,80300,80800,74583.0078125,16414644
2021-06-03,81300,83000,81100,82800,76429.1015625,29546007
2021-06-04,82700,82700,81500,82200,75875.2734375,18112259
2021-06-07,82700,82800,81600,81900,75598.3515625,16496197
2021-06-08,82300,82600,81800,81900,75598.3515625,12781226
2021-06-09,81500,82000,81100,81100,74859.90625,14908823
2021-06-10,81300,81400,80900,81000,74767.6015625,17586995
2021-06-11,81200,81700,80700,81000,74767.6015625,14087962
2021-06-14,80800,80900,80500,80500,74306.0625,10550078
2021-06-15,80900,81200,80600,80900,74675.3046875,10075685
2021-06-16,81500,81900,81100,81800,75506.046875,14999855
2021-06-17,81100,81300,80700,80900,74675.3046875,14007385
2021-06-18,81100,81100,80500,80500,74306.0625,14916721
2021-06-21,79700,80000,79600,79900,73752.2421875,16063340
2021-06-22,80200,80300,79900,80000,73844.546875,11773365
2021-06-23,80500,80600,79900,80100,73936.859375,13856548
2021-06-24,80400,81400,80100,81200,74952.2109375,18771080
2021-06-25,81500,81900,81200,81600,75321.4296875,13481405
2021-06-28,81700,82000,81600,81900,75598.3515625,11578529
2021-06-29,81900,82100,80800,81000,75098.625,15744317
2021-06-30,81100,81400,80700,80700,74820.4921875,13288643
2021-07-01,80500,80600,80000,80100,74264.203125,13382882
2021-07-02,80000,80400,79900,80000,74171.4765625,8753097
2021-07-05,80100,80800,80000,80400,74542.34375,8330969
2021-07-06,80600,81200,80500,81200,75284.0546875,12131651
2021-07-07,81200,81300,80300,80800,74913.2109375,15992202
2021-07-08,81100,81200,79900,79900,74078.765625,16660998
2021-07-09,79600,79800,79000,79400,73615.203125,22720577
2021-07-12,79900,80000,79500,79700,73893.34375,9768108
2021-07-13,80000,80200,79800,79800,73986.0703125,9863450
2021-07-14,79400,79600,79100,79500,73707.90625,11575636
2021-07-15,79800,80600,79500,80600,74727.765625,13766279
2021-07-16,80100,80100,79500,79800,73986.0703125,10859399
2021-07-19,79100,79200,78800,79000,73244.3359375,13155414
2021-07-20,78500,79000,78400,79000,73244.3359375,12456646
2021-07-21,79000,79100,78500,78500,72780.7734375,12355296
2021-07-22,79000,79800,78900,79700,73893.34375,12618790
2021-07-23,79700,79900,79200,79300,73522.4765625,9098910
2021-07-26,79400,79500,78800,78800,73058.9140625,10040975
2021-07-27,79200,79400,78500,78500,72780.7734375,11427693
2021-07-28,78300,79200,78100,79200,73429.765625,12743417
2021-07-29,78800,79400,78800,79000,73244.3359375,14360453
2021-07-30,78900,78900,78500,78500,72780.7734375,13823411
2021-08-02,79200,79500,78700,79300,73522.4765625,11739124
2021-08-03,79400,81400,79300,81400,75469.484375,24339360
2021-08-04,82200,83100,81800,82900,76860.203125,25642368
2021-08-05,83300,83300,82000,82100,76118.484375,18485469
2021-08-06,81900,82500,81300,81500,75562.203125,13342623
2021-08-09,81500,82300,80900,81500,75562.203125,15522581
2021-08-10,82300,82400,80100,80200,74356.921875,20362639
2021-08-11,79600,79800,78500,78500,72780.7734375,30241137
2021-08-12,77100,78200,76900,77000,71390.0390625,42365223
2021-08-13,75800,76000,74100,74400,68979.46875,61270643
2021-08-17,74000,75100,74000,74200,68794.0390625,30944847
2021-08-18,73900,74600,73100,73900,68515.90625,29192631
2021-08-19,73500,74400,73100,73100,67774.1875,22166298
2021-08-20,73500,73900,72500,72700,67403.3359375,22364803
2021-08-23,73300,74000,73000,73300,67959.6171875,19384648
2021-08-24,73900,75700,73900,75600,70092.0546875,21016913
2021-08-25,76200,76600,74900,75700,70184.7734375,22319664
2021-08-26,76100,76200,74600,74600,69164.90625,16671494
2021-08-27,74300,75000,73800,74300,68886.765625,15172748
2021-08-30,75400,75500,74200,74600,69164.90625,12686999
2021-08-31,74900,76700,74300,76700,71111.890625,24630370
2021-09-01,76700,77100,75900,76800,71204.625,16114775
2021-09-02,76800,76800,75700,76000,70462.90625,15347486
2021-09-03,76400,76700,76000,76600,71019.203125,12096419
2021-09-06,76800,77600,76600,77300,71668.2109375,12861180
2021-09-07,77100,77100,75900,76100,70555.6171875,13239401
2021-09-08,76000,76400,75600,76300,70741.0546875,11798147
2021-09-09,76400,76600,75000,75300,69813.90625,17600770
2021-09-10,75300,75600,74800,75300,69813.90625,10103212
2021-09-13,75200,76300,75100,76300,70741.0546875,11397775
2021-09-14,77100,77700,76600,76600,71019.203125,18167057
2021-09-15,77400,77400,76400,77000,71390.0390625,12829128
2021-09-16,77300,77400,76100,76100,70555.6171875,13067622
2021-09-17,76300,77200,75900,77200,71575.4921875,16289502
2021-09-23,77500,77600,76800,77400,71760.90625,17055590
2021-09-24,77600,77700,77100,77300,71668.2109375,12247274
2021-09-27,77300,77700,77000,77700,72039.0546875,11699798
2021-09-28,77700,77800,76200,76300,70741.0546875,15406382
2021-09-29,74800,75300,73800,74100,69027.9296875,23992458
2021-09-30,74300,74800,73700,74100,69027.9296875,19919361
2021-10-01,73900,74000,72900,73200,68189.5390625,15803395
2021-10-05,73000,73000,71400,72200,67257.984375,24013921
2021-10-06,72600,72800,71200,71300,66419.5859375,18956962
2021-10-07,71600,72100,71300,71600,66699.03125,13683532
2021-10-08,72300,72400,71500,71500,66605.8984375,14043287
2021-10-12,70700,70900,68700,69000,64277.015625,31001484
2021-10-13,68700,69600,68300,68800,64090.7109375,24172015
2021-10-14,69000,69800,68800,69400,64649.65625,19520641
2021-10-15,70200,71000,70000,70100,65301.73046875,18051612
2021-10-18,70200,70300,69200,70200,65394.890625,13486391
2021-10-19,70800,71000,70400,70600,65767.5,9507991
2021-10-20,70700,71000,70200,70300,65488.03515625,10151638
2021-10-21,70300,70600,70000,70200,65394.890625,10891094
2021-10-22,70000,70700,70000,70400,65581.1875,8395448
2021-10-25,69900,70600,69500,70200,65394.890625,10029621
2021-10-26,70600,71500,70400,71100,66233.28125,10528252
2021-10-27,71000,71000,70000,70100,65301.73046875,10295316
2021-10-28,69500,72200,69500,70700,65860.6640625,20644902
2021-10-29,71200,71600,69700,69800,65022.265625,17016151
2021-11-01,70200,70600,69900,69900,65115.41796875,11503729
2021-11-02,70800,72200,70700,71500,66605.8984375,16812570
2021-11-03,71700,71700,70100,70400,65581.1875,12770428
2021-11-04,71200,71600,70500,70600,65767.5,11818987
2021-11-05,71600,71600,70200,70200,65394.890625,12667743
2021-11-08,70400,70600,69800,70600,65767.5,11121981
2021-11-09,70300,71000,70100,70500,65674.34375,11159589
2021-11-10,70300,70900,70200,70200,65394.890625,9422009
2021-11-11,69900,70000,69600,69900,65115.41796875,11489122
2021-11-12,70200,70900,69900,70600,65767.5,10087450
2021-11-15,71700,71900,70900,71400,66512.734375,12420710
2021-11-16,71500,72000,71300,71300,66419.5859375,10919239
2021-11-17,71300,71600,70600,70700,65860.6640625,11027606
2021-11-18,70700,71000,70200,70200,65394.890625,10144957
2021-11-19,70400,71400,70100,71200,66326.4296875,11954728
2021-11-22,73300,75200,73000,74900,69773.15625,27506623
2021-11-23,76000,76000,74500,75300,70145.796875,22029195
2021-11-24,76000,76200,74100,74800,69680.015625,15652305
2021-11-25,75100,75100,73600,73700,68655.3046875,12559258
2021-11-26,73500,74100,72000,72300,67351.140625,13002242
2021-11-29,71700,73000,71400,72300,67351.140625,16682559
2021-11-30,73200,73900,70500,71300,66419.5859375,30364841
2021-12-01,72000,74800,71600,74400,69307.3828125,21954856
2021-12-02,73900,75800,73800,75800,70611.5703125,23652940
2021-12-03,75600,76000,74100,75600,70425.2578125,18330240
2021-12-06,75100,76700,74900,76300,71077.34375,16391250
2021-12-07,76100,77700,75600,77400,72102.046875,19232453
2021-12-08,78300,78600,77100,77400,72102.046875,21558340
2021-12-09,77400,78200,77000,78200,72847.2890625,21604528
2021-12-10,77400,77600,76800,76900,71636.2734375,9155219
2021-12-13,77200,78300,76500,76800,71543.1328125,15038750
2021-12-14,76500,77200,76200,77000,71729.4375,10976660
2021-12-15,76400,77600,76300,77600,72288.3515625,9584939
2021-12-16,78500,78500,77400,77800,72474.671875,11996128
2021-12-17,76800,78000,76800,78000,72660.984375,13108479
2021-12-20,77600,77800,76800,77100,71822.5859375,11264375
2021-12-21,77900,78300,77500,78100,72754.140625,14245298
2021-12-22,78900,79400,78800,79400,73965.1484375,17105892
2021-12-23,79800,80000,79300,79900,74430.921875,13577498
2021-12-24,80200,80800,80200,80500,74989.8515625,12086380
2021-12-27,80600,80600,79800,80200,74710.3984375,10783368
2021-12-28,80200,80400,79700,80300,74803.5546875,18226325
2021-12-29,80200,80200,78500,78800,73737.71875,19794795
2021-12-30,78900,79500,78100,78300,73269.8515625,14236700
2022-01-04,78800,79200,78300,78700,73644.140625,12427416
2022-01-05,78800,79000,76400,77400,72427.6484375,25470640
2022-01-06,76700,77600,76600,76900,71959.78125,12931954
2022-01-07,78100,78400,77400,78300,73269.8515625,15163757
2022-01-10,78100,78100,77100,78000,72989.1171875,9947422
2022-01-11,78400,79000,78000,78900,73831.2890625,13221123
2022-01-12,79500,79600,78600,78900,73831.2890625,11000502
2022-01-13,79300,79300,77900,77900,72895.546875,13889401
2022-01-14,77700,78100,77100,77300,72334.0859375,10096725
2022-01-17,77600,77800,76900,77500,72521.234375,8785122
2022-01-18,77600,77800,76600,77000,72053.3515625,9592788
2022-01-19,76500,76900,76100,76300,71398.3203125,10598290
2022-01-20,76200,76700,75900,76500,71585.484375,9708168
2022-01-21,75800,75800,74700,75600,70743.296875,15774888
2022-01-24,75400,75800,74700,75100,70275.40625,13691134
2022-01-25,74800,75000,73200,74000,69246.078125,17766704
2022-01-26,74000,74000,74000,74000,69246.078125,0
2022-01-27,73800,74000,71300,71300,66719.5390625,22274777
2022-01-28,71300,73700,71200,73300,68591.0390625,21367447
2022-02-03,74900,74900,73300,73300,68591.0390625,17744721
2022-02-04,74300,74600,73400,74000,69246.078125,12730034
2022-02-07,73500,73600,72400,73000,68310.3203125,14240838
2022-02-08,73000,73000,73000,73000,68310.3203125,0
2022-02-09,73000,73000,73000,73000,68310.3203125,0
2022-02-10,75600,75800,74700,75400,70556.140625,17746033
2022-02-11,75000,75500,74600,74900,70088.25,12205407
2022-02-14,74400,74500,73100,73700,68965.3515625,13993255
2022-02-15,74100,74200,73100,73700,68965.3515625,9320365
2022-02-16,74600,74900,74200,74800,69994.6796875,10767386
2022-02-17,75000,75600,74500,75000,70181.828125,13605382
2022-02-18,74600,74800,73700,74300,69526.796875,10122226
2022-02-21,74300,74300,74300,74300,69526.796875,0
2022-02-22,74300,74300,74300,74300,69526.796875,0
2022-02-23,74300,74300,74300,74300,69526.796875,0
2022-02-24,72300,72300,71300,71500,66906.6796875,15759283
2022-02-25,72100,72600,71900,71900,67281,13168484
2022-02-28,71900,71900,71900,71900,67281,0
2022-03-02,72300,72400,71500,71700,67093.8359375,12481430
2022-03-03,72300,73100,72200,72900,68216.7421875,13232638
2022-03-04,72900,72900,72900,72900,68216.7421875,0
2022-03-07,70000,70600,69900,70100,65596.625,18617138
2022-03-08,68800,70000,68700,69500,65035.1796875,15828269
2022-03-10,69500,69500,69500,69500,65035.1796875,0
2022-03-11,70500,70700,69700,70000,65503.05078125,15787655
2022-03-14,70000,70200,69600,70200,65690.2109375,9040993
2022-03-15,70200,70200,70200,70200,65690.2109375,0
2022-03-16,70200,70500,69700,70400,65877.3359375,10175750
2022-03-17,70400,70400,70400,70400,65877.3359375,0
2022-03-18,70600,70900,70200,70700,66158.0703125,14410038
2022-03-21,70900,71000,69900,69900,65409.47265625,11169002
2022-03-22,69900,70500,69900,70300,65783.765625,9402666
2022-03-23,70600,71200,70300,70500,65970.9296875,12398025
2022-03-24,69600,70300,69600,69800,65315.88671875,37943357
2022-03-25,70100,70200,69600,69800,65315.88671875,12986010
2022-03-28,69500,69900,69200,69700,65222.3203125,12619289
2022-03-29,70000,70300,69800,70200,65690.2109375,13686208
2022-03-30,70300,70500,69800,69900,65747.5859375,12670187
2022-03-31,69900,70200,69600,69600,65465.40234375,12510366
2022-04-01,69500,69500,69000,69100,64995.1015625,15916846
2022-04-04,68900,69300,68600,69300,65183.21484375,11107905
2022-04-05,69400,69600,69100,69200,65089.16015625,8467248
2022-04-06,68600,68800,68500,68500,64430.73828125,15517308
2022-04-07,68500,68500,68000,68000,63960.453125,20683327
2022-04-08,68100,68300,67700,67800,63772.3359375,15453191
2022-04-11,67800,68100,67400,67900,63866.39453125,12263735
2022-04-12,67600,67700,67000,67000,63019.8515625,13924389
2022-04-13,67300,69000,67200,68700,64618.8515625,17378619
2022-04-14,68700,68700,67500,67500,63490.15234375,16409494
2022-04-15,67200,67300,66500,66600,62643.609375,13176415
2022-04-18,66500,67100,66100,66700,62737.66796875,10119203
2022-04-19,67100,68000,67000,67300,63302.03125,12959434
2022-04-20,67000,67400,66500,67400,63396.0859375,16693293
2022-04-21,67600,68300,67500,67700,63678.26953125,12847448
2022-04-22,67200,67300,66700,67000,63019.8515625,11791478
2022-04-25,66500,66700,66300,66300,62361.4296875,11016474
2022-04-26,66400,66700,66100,66100,62173.30859375,12946923
2022-04-27,65400,65500,64900,65000,61138.6640625,18122084
2022-04-28,65400,65500,64500,64800,60950.5390625,16895527
2022-04-29,65100,67600,65000,67400,63396.0859375,26190390
2022-05-02,66600,67600,66500,67300,63302.03125,14106184
2022-05-03,67400,68400,67300,67500,63490.15234375,14168875
2022-05-04,68000,68400,67500,67900,63866.39453125,11505248
2022-05-06,67000,67100,66500,66500,62549.54296875,14356156
2022-05-10,65900,66300,65300,65700,61797.078125,17235605
2022-05-11,65500,66300,65200,65700,61797.078125,12330920
2022-05-12,65200,65500,64900,64900,61044.59765625,16414188
2022-05-13,65300,66700,65200,66500,62549.54296875,14551536
2022-05-16,67100,67400,66100,66300,62361.4296875,11937555
2022-05-17,66600,67900,66600,67600,63584.1953125,15680447
2022-05-18,68300,68700,67600,68100,64054.50390625,16486319
2022-05-19,66500,67600,66500,67500,63490.15234375,17073727
2022-05-20,67800,68400,67700,68000,63960.453125,12109671
2022-05-23,68800,68800,67600,67900,63866.39453125,13684088
2022-05-24,67500,67700,66500,66500,62549.54296875,15482576
2022-05-25,66700,67100,65900,66400,62455.4921875,15150490
2022-05-26,66300,67200,65500,65900,61985.203125,15970890
2022-05-27,66700,66900,66200,66500,62549.54296875,11405555
2022-05-30,67500,67800,66900,67700,63678.26953125,14255484
2022-05-31,67500,67500,66700,67400,63396.0859375,24365002
2022-06-02,66600,67000,66400,66700,62737.66796875,14959443
2022-06-03,67200,67300,66800,66800,62831.73828125,8222883
2022-06-07,66200,66400,65400,65500,61608.95703125,19355755
2022-06-08,65400,65700,65300,65300,61420.83203125,12483180
2022-06-09,65100,65200,64500,65200,61326.7734375,25790725
2022-06-10,64000,64400,63800,63800,60009.94140625,22193552
2022-06-13,62400,62800,62100,62100,58410.9375,22157816
2022-06-14,61200,62200,61100,61900,58222.81640625,24606419
2022-06-15,61300,61500,60200,60700,57094.1015625,26811224
2022-06-16,61300,61800,60500,60900,57282.22265625,23394895
2022-06-17,59400,59900,59400,59800,56247.5703125,29053450
2022-06-20,59800,59900,58100,58700,55212.9140625,34111306
2022-06-21,58700,59200,58200,58500,55024.79296875,25148109
2022-06-22,59000,59100,57600,57600,54178.2578125,23334687
2022-06-23,57700,58000,56800,57400,53990.140625,28338608
2022-06-24,57900,59100,57700,58400,54930.734375,23256103
2022-06-27,59000,59900,58300,58800,55306.9765625,18122236
2022-06-28,59200,59500,58700,59400,55871.328125,13540538
2022-06-29,58500,58800,58000,58000,54888.07421875,14677138
2022-06-30,57200,57600,57000,57000,53941.734375,18915142
2022-07-01,56900,57500,55900,56200,53184.65625,24982097
2022-07-04,56100,57400,55700,57100,54036.36328125,17807126
2022-07-05,57600,58200,57200,57200,54131,14216539
2022-07-06,57300,57300,56400,56400,53373.92578125,16820461
2022-07-07,56400,58700,56300,58200,55077.3515625,21322833
2022-07-08,58600,59300,58200,58700,55550.5234375,15339271
2022-07-11,59300,59600,58700,58800,55645.15625,13042624
2022-07-12,58600,58700,58100,58100,54982.71875,9336061
2022-07-13,58300,58600,58000,58000,54888.07421875,10841315
2022-07-14,57500,58200,57400,57500,54414.8984375,15067012
2022-07-15,58400,60000,58100,60000,56780.7734375,18685583
2022-07-18,60600,62000,60500,61900,58578.828125,20832517
2022-07-19,61400,61500,60200,60900,57632.484375,15248261
2022-07-20,61800,62100,60500,60500,57253.94140625,16782238
2022-07-21,61100,61900,60700,61800,58484.1953125,12291374
2022-07-22,61800,62200,61200,61300,58011.0234375,10261310
2022-07-25,60900,61900,60800,61100,57821.75,9193681
2022-07-26,60800,61900,60800,61700,58389.55859375,6597211
2022-07-27,61300,61900,61200,61800,58484.1953125,7320997
2022-07-28,62300,62600,61600,61900,58578.828125,10745302
2022-07-29,62400,62600,61300,61400,58105.66015625,15093120
2022-08-01,61000,61700,60300,61300,58011.0234375,13154816
2022-08-02,61200,61900,61000,61700,58389.55859375,13614895
2022-08-03,61600,61600,61000,61300,58011.0234375,10053861
2022-08-04,61700,61800,61200,61500,58200.29296875,9125439
2022-08-05,61700,61900,61200,61500,58200.29296875,9567620
2022-08-08,61400,61400,60600,60800,57537.84765625,11313150
2022-08-09,60600,60700,59600,60000,56780.7734375,18251170
2022-08-10,58900,59200,58600,59100,55929.0625,18084349
2022-08-11,59600,60000,59300,59900,56686.13671875,15141941
2022-08-12,59500,60700,59400,60200,56970.04296875,10786658
2022-08-16,60500,61600,60300,61000,57727.12109375,15036727
2022-08-17,61100,61200,60300,60400,57159.3125,9061518
2022-08-18,60300,61900,60000,61500,58200.29296875,16372754
2022-08-19,61400,61600,60600,60900,57632.484375,6923679
2022-08-22,60300,60400,59800,60000,56780.7734375,8259865
2022-08-23,59000,59600,59000,59100,55929.0625,9041629
2022-08-24,59200,59500,59000,59000,55834.41796875,8888486
2022-08-25,59200,59700,59000,59700,56496.8671875,5767902
2022-08-26,60300,60900,59900,60000,56780.7734375,9499995
2022-08-29,58700,58900,58600,58600,55455.88671875,9841329
2022-08-30,58700,59000,58300,58800,55645.15625,9690044
2022-08-31,58200,59900,58200,59700,56496.8671875,14203512
2022-09-01,58700,58900,58300,58400,55266.61328125,14905777
2022-09-02,58300,58600,57500,57500,54414.8984375,15040310
2022-09-05,57400,57800,56800,57100,54036.36328125,11425977
2022-09-06,57200,57600,56900,57100,54036.36328125,7503086
2022-09-07,56700,56700,55900,56000,52995.390625,17384854
2022-09-08,56200,56400,55600,55600,52616.84765625,18000016
2022-09-13,57000,58500,56800,58100,54982.71875,17166581
2022-09-14,56200,57200,56100,56800,53752.45703125,12524961
2022-09-15,57000,57100,56000,56000,52995.390625,11664819
2022-09-16,55600,56400,55500,56200,53184.65625,13456503
2022-09-19,56300,57000,56000,56400,53373.92578125,12278653
2022-09-20,56400,57000,55800,55800,52806.109375,14041465
2022-09-21,55400,55500,55000,55300,52332.94140625,11863700
2022-09-22,54600,54700,54300,54400,51481.23046875,12786510
2022-09-23,54400,54900,54200,54500,51575.86328125,10555964
2022-09-26,53700,54200,53600,53900,51008.05859375,15008449
2022-09-27,53800,54200,53500,54200,51291.95703125,16631289
2022-09-28,53900,54400,52500,52900,50061.71484375,19991129
2022-09-29,53300,53700,52600,52600,50119.8359375,13882080
2022-09-30,52300,53600,51800,53100,50596.265625,22503249
2022-10-04,55300,55400,54500,55200,52597.2421875,19148435
2022-10-05,56900,57200,55400,56000,53359.5234375,22458970
2022-10-06,56700,57300,56300,56300,53645.375,14944446
2022-10-07,55900,56900,55200,56200,53550.08984375,16886813
2022-10-11,54400,55700,54000,55400,52787.8125,21437877
2022-10-12,55700,57000,55200,55800,53168.953125,18408910
2022-10-13,55400,56100,55200,55200,52597.2421875,13784602
2022-10-14,56200,56500,55800,56300,53645.375,12924326
2022-10-17,55800,57000,55700,56600,53931.234375,13641878
2022-10-18,56700,57100,55800,56500,53835.9453125,14820702
2022-10-19,56700,56900,55700,55800,53168.953125,12660652
2022-10-20,55200,56000,55100,55500,52883.09765625,17107653
2022-10-21,55100,56300,55100,55900,53264.234375,11456060
2022-10-24,57000,57500,56700,57500,54788.79296875,16944503
2022-10-25,57000,58600,57000,57700,54979.36328125,17405678
2022-10-26,58000,59600,57700,59400,56599.203125,20824967
2022-10-27,59700,60100,58900,59500,56694.4921875,21756712
2022-10-28,58900,59200,57200,57300,54598.22265625,20924937
2022-10-31,58100,59900,58000,59400,56599.203125,18999514
2022-11-01,59900,60300,59500,60000,57170.9140625,17201647
2022-11-02,59700,60000,59300,59600,56789.77734375,13202919
2022-11-03,58600,59800,58100,59200,56408.640625,17492162
2022-11-04,59100,59500,58400,59400,56599.203125,12445841
2022-11-07,59700,60300,59400,60200,57361.484375,12437246
2022-11-08,60500,61900,60500,61800,58886.04296875,18273898
2022-11-09,62000,62200,61300,62000,59076.609375,14045592
2022-11-10,61400,61500,60400,60400,57552.0546875,21087633
2022-11-11,63100,63200,62300,62900,59934.18359375,20037163
2022-11-14,62900,62900,61700,61900,58981.33203125,15973416
2022-11-15,62200,62500,61600,62400,59457.75,12310986
2022-11-16,62400,62700,61700,62700,59743.6015625,12909260
2022-11-17,62000,62000,61300,61400,58504.90234375,13298296
2022-11-18,61800,62400,61400,61800,58886.04296875,12236503
2022-11-21,61400,61800,60800,61400,58504.90234375,9378097
2022-11-22,60900,61200,60300,60600,57742.62109375,9411289
2022-11-23,61200,61300,60700,61000,58123.76171875,8765050
2022-11-24,61200,61700,60900,61400,58504.90234375,8125010
2022-11-25,61400,61700,60800,61000,58123.76171875,6677933
2022-11-28,60500,60500,59800,60100,57266.1953125,8589032
2022-11-29,59900,60600,59800,60600,57742.62109375,7014160
2022-11-30,60400,62200,60200,62200,59267.1796875,19768903
2022-12-01,63100,63200,62300,62600,59648.31640625,16631445
2022-12-02,62500,62500,60400,60400,57552.0546875,15331184
2022-12-05,60900,61100,60000,60300,57456.7734375,13767787
2022-12-06,59800,60100,59200,59200,56408.640625,13888300
2022-12-07,58800,59600,58500,58900,56122.77734375,12100662
2022-12-08,58700,59200,58600,59200,56408.640625,12986815
2022-12-09,59300,60600,59300,60400,57552.0546875,10529632
2022-12-12,59900,60000,59400,59500,56694.4921875,9036472
2022-12-13,59600,60300,59400,59700,56885.0625,9040873
2022-12-14,59800,60600,59800,60500,57647.33984375,8207485
2022-12-15,59800,60200,59300,59300,56503.921875,8716039
2022-12-16,58300,59500,58300,59500,56694.4921875,13033596
2022-12-19,59500,59900,59100,59500,56694.4921875,7696187
2022-12-20,59000,59100,58500,58600,55836.9296875,9284761
2022-12-21,58700,59100,58000,58000,55265.21484375,10356971
2022-12-22,58100,59100,58100,59100,56313.35546875,10720630
2022-12-23,58200,58400,57700,58100,55360.5078125,9829407
2022-12-26,58000,58100,57700,57900,55169.9375,6756411
2022-12-27,58000,58400,57900,58100,55360.5078125,10667027
2022-12-28,57600,57600,56400,56600,54268.42578125,14665410
2022-12-29,56000,56200,55300,55300,53021.9765625,11295935
2023-01-02,55500,56100,55200,55500,53213.73828125,10031448
2023-01-03,55400,56000,54500,55400,53117.85546875,13547030
2023-01-04,55700,58000,55600,57800,55418.98828125,20188071
2023-01-05,58200,58800,57600,58200,55802.51171875,15682826
2023-01-06,58300,59400,57900,59000,56569.55859375,17334989
2023-01-09,59700,60700,59600,60700,58199.53125,18640107
2023-01-10,60200,61100,59900,60400,57911.88671875,14859797
2023-01-11,61000,61200,60300,60500,58007.765625,12310751
2023-01-12,61100,61200,59900,60500,58007.765625,16102561
2023-01-13,60500,61200,60400,60800,58295.41015625,12510328
2023-01-16,61300,61600,60800,61100,58583.05078125,10039972
2023-01-17,61200,61500,60600,61000,58487.16796875,9831456
2023-01-18,60700,61000,59900,60400,57911.88671875,11584041
2023-01-19,60500,61500,60400,61500,58966.57421875,12808490
2023-01-20,62100,62300,61100,61800,59254.21484375,9646327
2023-01-25,63500,63700,63000,63300,60692.42578125,39217
2023-01-26,63800,63900,63300,63800,61171.82421875,54188
2023-01-27,64400,65000,63900,64600,61938.875,44282
2023-01-30,64900,64900,63100,63300,60692.42578125,59628
2023-01-31,63500,63700,61000,61400,58870.69140625,163847
2023-02-01,62600,62700,61000,61000,58487.16796875,98585
2023-02-02,63200,63900,62600,63500,60884.18359375,65992
2023-02-03,63900,64000,63000,63500,60884.18359375,47567
2023-02-06,62800,63000,61600,61600,59062.44921875,144104
2023-02-07,61900,62500,61600,62000,59445.97265625,32873
2023-02-08,62800,63300,62400,63100,60500.66015625,42558
2023-02-09,63000,63300,62300,63300,60692.42578125,48035
2023-02-10,62600,63000,62400,62900,60308.91015625,44786
2023-02-13,62900,63000,62300,62900,60308.91015625,59395
2023-02-14,63600,63900,63200,63200,60596.54296875,70606
2023-02-15,63900,63900,62000,62200,59637.734375,58370
2023-02-16,62500,63700,62400,63700,61075.94140625,41448
2023-02-17,62900,63300,62400,62600,60021.25390625,28613
2023-02-20,62900,63000,61800,62700,60117.13671875,29846
2023-02-21,62700,62800,62000,62100,59541.85546875,60971
2023-02-22,61500,61800,61000,61100,58583.05078125,39178
2023-02-23,61700,62500,61500,62000,59445.97265625,37145
2023-02-24,62300,62600,61300,61300,58774.81640625,50792
2023-02-27,60800,60800,60200,60500,58007.765625,11155697
2023-02-28,60800,61400,60500,60600,58103.64453125,13715861
2023-03-02,60900,61800,60500,60800,58295.41015625,13095682
2023-03-03,61000,61200,60500,60500,58007.765625,10711405
2023-03-06,61100,61600,60800,61500,58966.57421875,13630602
2023-03-07,61400,61400,60700,60700,58199.53125,11473280
2023-03-08,60100,60500,59900,60300,57816.0078125,14161857
2023-03-09,60500,60800,59900,60100,57624.23828125,14334499
2023-03-10,59500,59700,59100,59500,57048.9609375,11902471
2023-03-13,59900,60200,59300,60000,57528.36328125,12779724
2023-03-14,59400,59500,59000,59000,56569.55859375,12147346
2023-03-15,60000,60300,59600,59800,57336.6015625,10482149
2023-03-16,59200,60200,59100,59900,57432.48046875,10611939
2023-03-17,60800,61300,60600,61300,58774.81640625,14090110
2023-03-20,61100,61200,60200,60200,57720.125,9618009
2023-03-21,60500,60700,60100,60300,57816.0078125,8318514
2023-03-22,61000,61200,60500,61100,58583.05078125,8978591
2023-03-23,60600,62300,60600,62300,59733.6171875,15381057
2023-03-24,62700,63300,62300,63000,60404.78515625,18278602
2023-03-27,62600,62800,62000,62100,59541.85546875,11039331
2023-03-28,62400,62900,62100,62900,60308.91015625,11614118
2023-03-29,62500,62700,62200,62700,60117.13671875,11216008
2023-03-30,63700,63700,63100,63200,60947.44921875,15684377
2023-03-31,64000,64000,63700,64000,61718.94140625,14094479
2023-04-03,64000,64000,63000,63100,60851.015625,11973133
2023-04-04,63400,63800,62800,63600,61333.1953125,11120514
2023-04-05,63700,64000,63400,63900,61622.5,9176149
2023-04-06,63500,63600,62300,62300,60079.53125,14992747
2023-04-07,63800,65200,63800,65000,62683.296875,27476120
2023-04-10,64800,66300,64700,65700,63358.34765625,18777166
2023-04-11,66200,66200,65400,65900,63551.22265625,16323183
2023-04-12,65800,66200,65300,66000,63647.65625,15021313
2023-04-13,65600,66100,65400,66100,63744.09375,15091022
2023-04-14,66600,66600,65000,65100,62779.734375,16176490
2023-04-17,65000,65600,64700,65300,62972.60546875,13486618
2023-04-18,65900,66000,64800,65600,63261.9140625,14802060
2023-04-19,65500,65800,65300,65500,63165.48046875,10255985
2023-04-20,65100,65300,64600,65300,62972.60546875,9501169
2023-04-21,65800,65900,65400,65700,63358.34765625,10538622
2023-04-24,65300,65700,64800,65200,62876.16796875,12986581
2023-04-25,65300,65400,63400,63600,61333.1953125,16193271
2023-04-26,63600,64300,63300,64100,61815.37890625,12664541
2023-04-27,64100,65000,63300,64600,62297.55078125,14779601
2023-04-28,65200,65900,65000,65500,63165.48046875,19699481
2023-05-02,66000,66300,65100,65700,63358.34765625,14396948
2023-05-03,65100,65600,64900,65400,63069.04296875,8876749
2023-05-04,65600,65700,64700,65100,62779.734375,9791064
2023-05-08,66300,66300,65400,65900,63551.22265625,9405365
2023-05-09,65800,65800,65100,65300,62972.60546875,9366861
2023-05-10,65500,65500,64300,64600,62297.55078125,13057727
2023-05-11,64700,65100,64200,64200,61911.8125,11648905
2023-05-12,63700,64600,63600,64100,61815.37890625,8693913
2023-05-15,64100,64600,63900,64500,62201.12109375,8172021
2023-05-16,65800,65900,65300,65400,63069.04296875,12334657
2023-05-17,65900,65900,64800,65000,62683.296875,10745504
2023-05-18,66000,66200,65700,66200,63840.52734375,14431704
2023-05-19,67800,68400,67500,68400,65962.109375,20349345
2023-05-22,68400,69000,68000,68500,66058.546875,14470308
2023-05-23,68500,68700,68100,68400,65962.109375,8561643
2023-05-24,68100,68700,68000,68500,66058.546875,8192896
2023-05-25,69900,70000,68700,68800,66347.8671875,14231160
2023-05-26,69800,70400,69500,70300,67794.40625,19549511
2023-05-30,71300,72300,71200,72300,69723.1171875,27476897
2023-05-31,72400,72500,71000,71400,68855.1875,25666087
2023-06-01,70900,71600,70600,70900,68373.0078125,14669296
2023-06-02,71700,72200,71600,72200,69626.6796875,12161798
2023-06-05,72700,72700,71400,71700,69144.4921875,12686829
2023-06-07,71300,71600,70800,71000,68469.453125,14796613
2023-06-08,70400,70900,70000,70900,68373.0078125,19165568
2023-06-09,71100,72300,70800,72000,69433.8125,15050209
2023-06-12,72100,72400,70800,71000,68469.453125,12064287
2023-06-13,71700,72200,71600,72000,69433.8125,13227285
2023-06-14,72100,72200,71100,71900,69337.3671875,12541046
2023-06-15,72100,72300,71300,71500,68951.6171875,13614994
2023-06-16,71800,71900,70900,71800,69240.9375,15373696
2023-06-19,71300,71700,70900,71200,68662.3203125,11100887
2023-06-20,70700,71400,70400,71400,68855.1875,11557883
2023-06-21,70700,71200,70400,70500,67987.2734375,10626603
2023-06-22,70200,71500,70100,71300,68758.75,11411007
2023-06-23,72000,72200,71600,71600,69048.0625,12329484
2023-06-26,71700,72500,71500,72400,69819.5546875,10541901
2023-06-27,72500,72600,72000,72600,70012.4140625,9442997
2023-06-28,72600,72700,72000,72700,70108.859375,8783093
2023-06-29,73100,73400,72400,72400,70167.9765625,12229967
2023-06-30,72500,72700,71700,72200,69974.1484375,11694765
2023-07-03,72700,73200,72600,73000,70749.484375,10722181
2023-07-04,73400,73600,72900,73000,70749.484375,10214350
2023-07-05,73000,73300,71900,72000,69780.3046875,12310610
2023-07-06,71900,72400,71500,71600,69392.640625,14777667
2023-07-07,71100,71400,69800,69900,67745.046875,17308877
2023-07-10,70000,70400,69200,69500,67357.375,11713926
2023-07-11,70200,71500,70100,71500,69295.71875,12177392
2023-07-12,71200,72000,71100,71900,69683.390625,10375581
2023-07-13,72400,72600,71900,71900,69683.390625,14417279
2023-07-14,72500,73400,72400,73400,71137.140625,15882519
2023-07-17,73200,73500,72800,73300,71040.2265625,10060049
2023-07-18,73200,73500,72000,72000,69780.3046875,11697900
2023-07-19,72700,72800,71300,71700,69489.546875,10896412
2023-07-20,71100,71500,70800,71000,68811.1484375,9732730
2023-07-21,70400,70400,69400,70300,68132.71875,16528926
2023-07-24,70100,70900,69900,70400,68229.640625,13418597
2023-07-25,70000,70500,69800,70000,67841.9609375,14314945
2023-07-26,69800,70600,68100,69800,67648.1328125,30016221
2023-07-27,69900,71700,69300,71700,69489.546875,24261179
2023-07-28,71800,72400,70100,70600,68423.4609375,19420683
2023-07-31,70900,71000,69800,69800,67648.1328125,13035420
2023-08-01,70100,71200,70000,71100,68908.0625,12299254
2023-08-02,70700,71000,69800,69900,67745.046875,13835020
2023-08-03,69900,70200,68500,68800,66678.953125,20087090
2023-08-04,68800,69100,68200,68300,66194.375,12360193
2023-08-07,67700,69200,67600,68500,66388.2109375,10968505
2023-08-08,69000,69100,67400,67600,65515.953125,14664709
2023-08-09,68000,69600,67900,68900,66775.8828125,17259673
2023-08-10,68300,68500,67800,68000,65903.625,10227311
2023-08-11,68400,68800,67500,67500,65419.03125,9781038
2023-08-14,67500,67900,66900,67300,65225.20703125,9352343
2023-08-16,66700,67100,66300,67000,64934.453125,13174578
2023-08-17,66300,66800,66000,66700,64643.703125,10778652
2023-08-18,66000,66700,65800,66300,64256.03125,11745006
2023-08-21,66600,67100,66300,66600,64546.78125,9720067
2023-08-22,67200,67700,66300,66600,64546.78125,10500242
2023-08-23,66700,67100,66400,67100,65031.37109375,9549352
2023-08-24,68300,68700,67900,68200,66097.453125,15044463
2023-08-25,67100,67400,66900,67100,65031.37109375,7032462
2023-08-28,66800,67000,66500,66800,64740.625,5824628
2023-08-29,66900,67200,66600,66800,64740.625,9114352
2023-08-30,67300,67700,67100,67100,65031.37109375,9181223
2023-08-31,67100,67200,66400,66900,64837.5390625,15964630
2023-09-01,66800,71000,66700,71000,68811.1484375,29738235
2023-09-04,72900,72900,70700,71200,69004.984375,26286495
2023-09-05,70900,71500,70200,70700,68520.3828125,12330239
2023-09-06,70700,70800,69700,70000,67841.9609375,11414620
2023-09-07,70000,70600,69600,70400,68229.640625,13741241
2023-09-08,70200,70300,69600,70300,68132.71875,10688118
2023-09-11,70400,70800,70000,70800,68617.296875,11785462
2023-09-12,70800,71000,70400,70500,68326.5546875,11688599
2023-09-13,71100,71600,70300,70900,68714.21875,15955797
2023-09-14,71200,71800,70800,71700,69489.546875,21041407
2023-09-15,71700,72300,71400,72000,69780.3046875,17823512
2023-09-18,71300,71700,70200,70200,68035.796875,16040727
2023-09-19,70400,70800,69600,69800,67648.1328125,11820188
2023-09-20,70000,70300,69500,69600,67454.2890625,10873015
2023-09-21,69200,69800,68800,68900,66775.8828125,10796336
2023-09-22,68300,68900,68300,68800,66678.953125,9897840
2023-09-25,68500,69700,68500,69400,67260.4609375,13582516
2023-09-26,70000,70000,68400,68600,66832.7734375,13143470
2023-09-27,68600,69100,68200,68400,66637.9296875,14886491
2023-10-04,67400,67700,66700,67500,65761.109375,23361149
2023-10-05,67300,67400,66700,66700,64981.72265625,16108313
2023-10-06,67100,67300,66000,66000,64299.75390625,14386527
2023-10-10,66200,67600,66200,66400,64689.4453125,19889202
2023-10-11,68600,69400,67900,68200,66443.078125,25209349
2023-10-12,68600,69700,68200,68900,67125.046875,19311380
2023-10-13,68000,68500,67700,68000,66248.234375,9724086
2023-10-16,67900,68500,66800,67300,65566.265625,12599299
2023-10-17,67700,69900,67400,69400,67612.1640625,17299253
2023-10-18,68900,70500,68800,70500,68683.828125,16493184
2023-10-19,69700,70000,69400,69500,67709.578125,13985012
2023-10-20,68900,69200,68100,68800,67027.6171875,15204495
2023-10-23,68700,69100,68200,68400,66637.9296875,11625959
2023-10-24,68700,68800,67700,68500,66735.3515625,12791710
2023-10-25,68800,68800,67900,68000,66248.234375,10610703
2023-10-26,67000,67900,66700,66700,64981.72265625,15517624
2023-10-27,67100,67300,66700,67300,65566.265625,11334726
2023-10-30,66800,67800,66700,67300,65566.265625,10139270
2023-10-31,67600,68300,66900,66900,65176.5703125,14488892
2023-11-01,67500,68900,67300,68600,66832.7734375,13775256
2023-11-02,70000,70000,69400,69700,67904.4296875,16350031
2023-11-03,69700,70200,69500,69600,67807.0078125,10322234
2023-11-06,69800,70900,69300,70900,69073.5234375,22228489
2023-11-07,70600,70900,70000,70900,69073.5234375,17228731
2023-11-08,71300,71400,69700,69900,68099.28125,12901310
2023-11-09,69900,70800,69600,70300,68488.984375,12301373
2023-11-10,70000,70500,69500,70500,68683.828125,9684347
2023-11-13,71300,71300,70300,70400,68586.40625,9246919
2023-11-14,71000,71100,70600,70800,68976.09375,9567984
2023-11-15,71600,72200,71500,72200,70340.0390625,20148677
2023-11-16,72500,73000,72300,72800,70924.578125,15860451
2023-11-17,72300,73000,72300,72500,70632.3046875,11494644
2023-11-20,72100,73000,72100,72700,70827.15625,10610157
2023-11-21,73100,73400,72700,72800,70924.578125,9712881
2023-11-22,72200,73000,71900,72800,70924.578125,11105143
2023-11-23,73000,73200,72200,72400,70534.875,6775614
2023-11-24,72400,72600,71700,71700,69852.90625,6676685
2023-11-27,71500,72100,71100,71300,69463.2109375,9113857
2023-11-28,71400,72700,71300,72700,70827.15625,13283081
2023-11-29,72400,72800,72200,72700,70827.15625,9283933
2023-11-30,72700,72800,72200,72800,70924.578125,15783714
2023-12-01,72400,72500,71700,72000,70145.1875,9871284
2023-12-04,72800,72900,72400,72600,70729.7265625,10229267
2023-12-05,72300,72400,71200,71200,69365.8046875,12129682
2023-12-06,71800,72100,71600,71700,69852.90625,8123087
2023-12-07,71800,71900,71100,71500,69658.0625,8862017
2023-12-08,72100,72800,71900,72600,70729.7265625,10859463
2023-12-11,72800,73000,72200,73000,71119.4296875,9861960
2023-12-12,73300,73500,73100,73500,71606.5390625,13758646
2023-12-13,73300,73500,72800,72800,70924.578125,13116766
2023-12-14,74100,74300,72500,73100,71216.8515625,27567593
2023-12-15,73800,74000,73200,73300,71411.6953125,15419815
2023-12-18,73300,73400,72800,72900,71022,9690551
2023-12-19,73000,73400,72800,73400,71509.109375,8907632
2023-12-20,74200,74900,73800,74800,72873.0625,16870156
2023-12-21,74600,75000,74300,75000,73067.8984375,13478766
2023-12-22,75800,76300,75400,75900,73944.7109375,14515608
2023-12-26,76100,76700,75700,76600,74626.6796875,13164909
2023-12-27,76700,78000,76500,78000,76350.4375,20651042
2023-12-28,77700,78500,77500,78500,76839.875,17797536
2024-01-02,78200,79800,78200,79600,77916.609375,17142847
2024-01-03,78500,78800,77000,77000,75371.5859375,21753644
2024-01-04,76100,77300,76100,76600,74980.0546875,15324439
2024-01-05,76700,77100,76400,76600,74980.0546875,11304316
2024-01-08,77000,77500,76400,76500,74882.171875,11088724
2024-01-09,77400,77700,74300,74700,73120.234375,26019249
2024-01-10,75000,75200,73200,73600,72043.4921875,20259529
2024-01-11,72900,73600,72700,73200,71651.953125,57691266
2024-01-12,73000,74100,72800,73100,71554.078125,13038939
2024-01-15,73200,74000,73200,73900,72337.1484375,2957915
2024-01-16,73500,73700,72500,72600,71064.640625,14760415
2024-01-17,73100,73300,71000,71000,69498.484375,22683660
2024-01-18,71600,72000,70700,71700,70183.6796875,17853397
2024-01-19,73500,74700,73000,74700,73120.234375,23363427
2024-01-22,75900,76000,75000,75100,73511.7734375,19673375
2024-01-23,75700,75800,74300,75200,73609.65625,14786224
2024-01-24,75200,75200,73500,74000,72435.0390625,12860661
2024-01-25,74200,74800,73700,74100,72532.9296875,11737747
2024-01-26,73700,74500,73300,73400,71847.7265625,11160062
2024-01-29,73800,75200,73500,74400,72826.578125,13976521
2024-01-30,75000,75300,73700,74300,72728.6953125,12244418
2024-01-31,73400,74000,72500,72700,71162.5234375,15703560
2024-02-01,73000,74200,72900,73600,72043.4921875,19881033
2024-02-02,74000,75200,73700,75200,73609.65625,14955881
2024-02-05,74200,74800,73500,74300,72728.6953125,19026021
2024-02-06,74300,74700,73300,74400,72826.578125,14559254
2024-02-07,74600,75500,74300,75000,73413.8828125,16566445
2024-02-08,75000,75200,73600,74100,72532.9296875,20810708
2024-02-13,74800,75200,74400,75200,73609.65625,21966745
2024-02-14,73700,74300,73700,74000,72435.0390625,12434945
2024-02-15,74200,74400,73000,73200,71651.953125,14120600
2024-02-16,73300,73400,72500,72800,71260.4140625,13444781
2024-02-19,72800,73900,72800,73800,72239.265625,12726404
2024-02-20,73700,73700,72800,73300,71749.84375,14681477
2024-02-21,73400,73700,72900,73000,71456.1875,11503495
2024-02-22,73800,73900,72700,73100,71554.078125,15208934
2024-02-23,73600,74200,72900,72900,71358.2890625,16225166
2024-02-26,72300,73200,72200,72800,71260.4140625,14669352
2024-02-27,73100,73400,72700,72900,71358.2890625,13201981
2024-02-28,72900,73900,72800,73200,71651.953125,11795859
2024-02-29,72600,73400,72000,73400,71847.7265625,21176403
2024-03-04,74300,75000,74000,74900,73316,23210474
2024-03-05,74600,74800,73700,73700,72141.375,19505125
2024-03-06,73200,73500,72700,72900,71358.2890625,21547905
2024-03-07,73100,73300,72200,72200,70673.109375,14516963
2024-03-08,72800,73400,72600,73300,71749.84375,19271349
2024-03-11,72900,73100,72300,72400,70868.875,9740504
2024-03-12,72600,73500,72100,73300,71749.84375,13011654
2024-03-13,73700,74100,73500,74100,72532.9296875,15243134
2024-03-14,74400,74500,73600,74300,72728.6953125,22545539
2024-03-15,73400,73700,72300,72300,70770.9921875,22580555
2024-03-18,72600,73000,72500,72800,71260.4140625,11520348
2024-03-19,72300,73000,71700,72800,71260.4140625,15376066
2024-03-20,73700,77200,73400,76900,75273.703125,50106297
2024-03-21,79200,79300,77700,79300,77622.9453125,44569799
2024-03-22,79600,79900,77800,78900,77231.40625,26724761
2024-03-25,79600,79800,77800,78200,76546.21875,18703996
2024-03-26,79700,80100,79200,79900,78210.265625,30551494
2024-03-27,79200,80000,79200,79800,78112.375,17424595
2024-03-28,79400,81000,79200,80800,79450.640625,25084812
2024-03-29,81200,82500,80900,82400,81023.921875,27126366
2024-04-01,83200,83300,82000,82000,80630.609375,20116513
2024-04-02,82900,85000,82900,85000,83580.5078125,37077944
2024-04-03,84300,85000,83500,84100,82695.5390625,30493347
2024-04-04,85200,85500,84300,85300,83875.4921875,25248934
2024-04-05,84500,85000,83800,84500,83088.859375,18883752
2024-04-08,85200,86000,84500,84500,83088.859375,18953232
2024-04-09,84500,84900,83100,83600,82203.890625,23725956
2024-04-11,83200,84700,82500,84100,82695.5390625,25538009
2024-04-12,84700,84900,83200,83700,82302.2109375,17061770
2024-04-15,82900,83200,81200,82200,80827.2734375,26663772
2024-04-16,81200,81300,79400,80000,78664.015625,31949845
2024-04-17,80700,80800,78900,78900,77582.375,22611631
2024-04-18,78800,80100,78300,79600,78270.6875,21370190
2024-04-19,78300,78700,76300,77600,76304.0859375,31317563
2024-04-22,77400,77500,75100,76100,74829.1328125,30469477
2024-04-23,76400,76800,75500,75500,74239.1640625,18717699
2024-04-24,77500,78800,77200,78600,77287.3828125,22166150
2024-04-25,77300,77500,76300,76300,75025.8046875,15549134
2024-04-26,77800,77900,76500,76700,75419.1171875,12755629
2024-04-29,77400,77600,76200,76700,75419.1171875,14664474
2024-04-30,77000,78500,76600,77500,76205.7578125,19007007
2024-05-02,77600,78600,77300,78000,76697.40625,18900640
2024-05-03,79000,79000,77500,77600,76304.0859375,13151889
2024-05-07,79600,81300,79400,81300,79942.3046875,26238868
2024-05-08,80800,81400,80500,81300,79942.3046875,13089576
2024-05-09,81100,81500,79700,79700,78369.0234375,18759935
2024-05-10,80400,81100,78900,79200,77877.3671875,16976124
2024-05-13,79400,79900,77600,78400,77090.734375,18652344
2024-05-14,78600,78800,77900,78300,76992.3984375,11763992
2024-05-16,80200,80300,78100,78200,76894.0703125,20989778
2024-05-17,78600,78800,77200,77400,76107.421875,15918201
2024-05-20,78100,79100,77900,78900,77582.375,19456783
2024-05-21,78500,79000,78200,78400,77090.734375,13690583
2024-05-22,78100,78700,77300,77700,76402.4140625,19521506
2024-05-23,77700,79100,77100,78300,76992.3984375,18728087
2024-05-24,76800,77000,75700,75900,74632.4765625,27891278
2024-05-27,75300,78200,74000,77200,75910.765625,43825202
2024-05-28,76500,78000,76200,77600,76304.0859375,18539072
2024-05-29,77700,78200,75200,75200,73944.171875,30244875
2024-05-30,74800,75200,73500,73500,72272.5546875,28551273
2024-05-31,74500,74700,73500,73500,72272.5546875,26198776
2024-06-03,74400,76400,74200,75700,74435.8125,15706268
2024-06-04,74900,76100,74900,75300,74042.5,14098053
2024-06-05,78000,78000,76800,77400,76107.421875,23177968
2024-06-07,78400,78600,77100,77300,76009.09375,21189349
2024-06-10,76100,76600,75600,75700,74435.8125,14598755
2024-06-11,75900,76000,75100,75200,73944.171875,16971175
2024-06-12,75300,77100,75200,76500,75222.4609375,19246725
2024-06-13,78400,79000,77800,78600,77287.3828125,33763804
2024-06-14,79700,80500,79000,79600,78270.6875,22926612
2024-06-17,79200,79500,78000,78100,76795.7421875,16123051
2024-06-18,78700,80200,78600,79800,78467.3515625,18207598
2024-06-19,81100,82500,80500,81200,79843.96875,24168863
2024-06-20,81500,82200,81200,81600,80237.2890625,20288913
2024-06-21,80700,80800,80000,80000,78664.015625,17907523
2024-06-24,79700,80900,79500,80600,79253.9921875,15454227
2024-06-25,80600,81800,80100,80800,79450.640625,19088458
2024-06-26,80100,81400,79900,81300,79942.3046875,17783242
2024-06-27,81300,81600,80500,81600,80595.1640625,11739720
2024-06-28,81900,81900,80800,81500,80496.390625,9455929
2024-07-01,81500,82100,81300,81800,80792.6953125,11317202
2024-07-02,82500,82600,81500,81800,80792.6953125,14471904
2024-07-03,82300,82300,81000,81800,80792.6953125,11440328
2024-07-04,82900,84700,82400,84600,83558.21875,43857229
2024-07-05,85600,87100,85200,87100,86027.4375,45791193
2024-07-08,87900,88600,86900,87400,86323.7421875,24035809
2024-07-09,87800,88200,86900,87800,86718.8125,21336201
2024-07-10,87600,88000,87100,87800,86718.8125,17813847
2024-07-11,88500,88800,86700,87600,86521.2734375,24677608
2024-07-12,85900,86100,84100,84400,83360.6796875,26344386
2024-07-15,84700,87300,84100,86700,85632.359375,25193080
2024-07-16,86900,88000,86700,87700,86620.046875,16166688
2024-07-17,87100,88000,86400,86700,85632.359375,18186490
2024-07-18,83800,86900,83800,86900,85829.890625,24721790
2024-07-19,85600,86100,84100,84400,83360.6796875,18569122
2024-07-22,84400,84900,82600,83000,81977.921875,18987560
2024-07-23,84200,84700,83400,83900,82866.8359375,15766389
2024-07-24,82900,83300,81900,82000,80990.234375,16939083
2024-07-25,80400,81000,80100,80400,79409.9375,20323811
2024-07-26,80700,81300,80400,80900,79903.78125,14508334
2024-07-29,81600,82000,81100,81200,80200.0859375,12797136
2024-07-30,80400,81000,80000,81000,80002.5546875,13169636
2024-07-31,81200,83900,80900,83900,82866.8359375,20744323
2024-08-01,86000,86100,83100,83100,82076.6875,20900338
2024-08-02,81000,81400,79500,79600,78619.7890625,25800275
2024-08-05,76700,76900,70200,71400,70520.765625,54608790
2024-08-06,74900,75300,72300,72500,71607.21875,47295226
2024-08-07,73000,76000,72800,74700,73780.125,32710428
2024-08-08,73200,73900,72500,73400,72496.140625,28414729
2024-08-09,75700,75800,74200,74700,73780.125,16388222
2024-08-12,75200,75900,74800,75500,74570.28125,9839259
2024-08-13,76500,76600,75500,76100,75162.8828125,10716261
2024-08-14,77400,77800,77000,77200,76249.34375,13246168
2024-08-16,79400,80200,78700,80200,79212.3984375,22061478
2024-08-19,80100,80100,78000,78300,77335.796875,14146565
2024-08-20,79500,79800,78700,78900,77928.40625,10683836
2024-08-21,77900,78600,77800,78300,77335.796875,7805598
2024-08-22,78700,78900,77800,78300,77335.796875,8149101
2024-08-23,77700,78400,77500,77700,76743.1796875,9420306
2024-08-26,78100,78200,76000,76100,75162.8828125,15655938
2024-08-27,75700,76500,75600,75800,74866.578125,11130145
2024-08-28,75800,76400,75400,76400,75459.1953125,9794514
2024-08-29,73600,74700,73500,74000,73088.75,16884479
2024-08-30,74400,75000,74100,74300,73385.0546875,16358520
2024-09-02,74500,74700,73500,74400,73483.8203125,12641376
2024-09-03,74100,74300,72500,72500,71607.21875,16314599
2024-09-04,69800,71100,69800,70000,69138,27366563
2024-09-05,70100,71200,69000,69000,68150.3203125,25686769
2024-09-06,69100,69700,68000,68900,68051.5546875,19022299
2024-09-09,66900,68200,66600,67500,66668.7890625,23263298
2024-09-10,67000,67300,66000,66200,65384.796875,30651376
2024-09-11,65100,65500,64200,64900,64100.80859375,35809707
2024-09-12,66000,66600,65200,66300,65483.5703125,35884106
2024-09-13,65000,65500,64300,64400,63606.96875,25045135
2024-09-19,64000,64400,62200,63100,62322.97265625,49402713
2024-09-20,63800,64700,63000,63000,62224.20703125,32746056
2024-09-23,62300,63500,62200,62600,61829.12890625,28542376
2024-09-24,62800,63400,62400,63200,62421.7421875,26957500
2024-09-25,63800,64200,62200,62200,61434.05859375,28652438
2024-09-26,63900,64900,63700,64700,63903.26953125,37566015
2024-09-27,64700,65400,64200,64200,63765.2109375,28433030
2024-09-30,64200,64300,61500,61500,61083.49609375,32694163
2024-10-02,60500,61900,59900,61300,60884.8515625,28473536
2024-10-04,61000,61700,60500,60600,60189.59375,24247578
2024-10-07,60200,61900,59500,61000,60586.8828125,35066533
2024-10-08,60000,61000,59900,60300,59891.625,27411786
2024-10-10,60100,60200,58900,58900,58501.10546875,45262214
2024-10-11,59100,60100,59000,59300,58898.3984375,29623969
2024-10-14,59500,61200,59400,59300,58898.3984375,20886249
2024-10-15,61100,61400,60100,61000,60586.8828125,22715239
2024-10-16,59400,60000,59200,59500,59097.04296875,23303268
2024-10-17,59400,60100,59100,59700,59295.6875,23372873
2024-10-18,59900,60100,59100,59200,58799.07421875,14420260
2024-10-21,59000,59600,58500,59000,58600.4296875,18514905
2024-10-22,58800,58900,57700,57700,57309.234375,27582527
2024-10-23,57500,60000,57100,59100,58699.75,27300780
2024-10-24,58200,58500,56600,56600,56216.68359375,31499922
2024-10-25,56000,56900,55800,55900,55521.421875,25829315
2024-10-28,55700,58500,55700,58100,57706.5234375,27775009
2024-10-29,58000,59600,57300,59600,59196.36328125,28369314
2024-10-30,59100,59800,58600,59100,58699.75,19838511
2024-10-31,58500,61200,58300,59200,58799.07421875,35809196
2024-11-01,59000,59600,58100,58300,57905.16796875,19083180
2024-11-04,58600,59400,58400,58700,58302.4609375,15586947
2024-11-05,57800,58100,57200,57600,57209.91015625,17484474
2024-11-06,57600,58000,56300,57300,56911.94140625,22092218
2024-11-07,56900,58100,56800,57300,56911.94140625,17043102
2024-11-08,58000,58300,57000,57000,56613.97265625,13877396
2024-11-11,56700,56800,55000,55000,54627.51953125,29811326
2024-11-12,54600,54600,53000,53000,52641.0625,37962881
2024-11-13,52000,53000,50500,50600,50257.31640625,52527995
2024-11-14,50200,51800,49900,49900,49562.05859375,48510715
2024-11-15,50300,54200,50300,53500,53137.67578125,46774485
2024-11-18,57000,57500,55900,56700,56316.00390625,48095234
2024-11-19,56500,57500,55900,56300,55918.71484375,31539632
2024-11-20,56100,56500,54800,55300,54925.48828125,20864667
2024-11-21,54900,56900,54700,56400,56018.03515625,19096850
2024-11-22,56000,56700,55900,56000,55620.74609375,15281543
2024-11-25,57400,57900,56700,57900,57507.87890625,36237325
2024-11-26,57900,58900,57500,58300,57905.16796875,23209405
2024-11-27,57700,57800,56000,56300,55918.71484375,21808387
2024-11-28,56000,56400,55200,55500,55124.1328125,20001134
2024-11-29,55100,55300,53800,54200,53832.9375,24513531
2024-12-02,54300,54400,53100,53600,53237,22044867
2024-12-03,53100,54400,53100,53600,53237,23374603
2024-12-04,52000,53400,52000,53100,52740.38671875,29004766
2024-12-05,53200,54400,53200,53700,53336.3203125,23588277
2024-12-06,53900,54400,52700,54100,53733.61328125,22861874
2024-12-09,53500,54600,53200,53400,53038.35546875,26227680
2024-12-10,54500,54500,53700,54000,53634.2890625,20783970
2024-12-11,53600,54200,53400,54000,53634.2890625,14565947
2024-12-12,54000,56500,53900,55900,55521.421875,33476698
2024-12-13,55800,56300,55500,56100,55720.0703125,15908823
2024-12-16,56300,56600,55200,55600,55223.453125,15277277
2024-12-17,54700,55200,54000,54200,53832.9375,20215230
2024-12-18,54100,55400,54000,54900,54528.1953125,13698937
2024-12-19,53500,53800,53100,53100,52740.38671875,22481925
2024-12-20,52700,53100,51900,53000,52641.0625,24674774
2024-12-23,53400,54000,53300,53500,53137.67578125,13672650
2024-12-24,53700,54500,53600,54400,54031.58203125,11634677
2024-12-26,54500,54600,53500,53600,53237,10517075
2024-12-27,53500,54100,53200,53700,53700,10747196
2024-12-30,53300,54000,53100,53200,53200,12624702
2025-01-02,52700,53600,52300,53400,53400,16630538
2025-01-03,52800,55100,52800,54400,54400,19318046
2025-01-06,54400,56200,54300,55900,55900,19034284
2025-01-07,56800,57300,55400,55400,55400,17030235
2025-01-08,54800,57500,54700,57300,57300,26593553
2025-01-09,57600,57700,56100,56100,56100,24490592
2025-01-10,56100,56500,55200,55300,55300,16059223
2025-01-13,54600,55000,54100,54100,54100,16868600
2025-01-14,54200,54600,53700,53900,53900,17465926
2025-01-15,54100,54700,53500,53700,53700,18625025
2025-01-16,54200,55000,54100,54300,54300,18627298
2025-01-17,53800,54100,53200,53700,53700,18805344
2025-01-20,53600,53900,53300,53400,53400,11822531
2025-01-21,53700,54300,53300,53500,53500,13535702
2025-01-22,53400,54400,53100,54300,54300,18341991
2025-01-23,53700,54100,53500,53700,53700,15588067
2025-01-24,53600,53800,53200,53700,53700,11867631
2025-01-31,52200,53000,51700,52400,52400,42186279
2025-02-03,51100,51400,50800,51000,51000,32344897
2025-02-04,51600,53600,51500,52700,52700,27214851
2025-02-05,53600,53800,52800,52900,52900,15974885
2025-02-06,53400,54000,53200,54000,54000,16466025
2025-02-07,53900,54200,53600,53700,53700,14476866
2025-02-10,53000,55900,52900,55600,55600,27577591
2025-02-11,55500,56300,55000,55700,55700,24596196
2025-02-12,55100,55900,54500,55800,55800,26428596
2025-02-13,56100,56400,55600,55800,55800,22448377
2025-02-14,56000,57300,56000,56000,56000,23979779
2025-02-17,56100,56500,55700,56000,56000,11916027
2025-02-18,56200,57200,55900,56900,56900,23583848
